<?xml version="1.0" encoding="UTF-8"?>
<gpx creator="StravaGPX" version="1.1" xmlns="http://www.topografix.com/GPX/1/1" xmlns:xsi="http://www.w3.org/2001/XMLSchema-instance" xsi:schemaLocation="http://www.topografix.com/GPX/1/1 http://www.topografix.com/GPX/1/1/gpx.xsd">
 <metadata>
  <time>2026-10-03T14:38:36Z</time>
 </metadata>
 <trk>
  <name>Namiddagloop</name>
  <type>running</type>
  <trkseg>
   <trkpt lat="50.8761120" lon="4.2651890">
    <ele>41.5</ele>
    <time>2026-10-03T14:38:36Z</time>
   </trkpt>
   <trkpt lat="50.8761120" lon="4.2651890">
    <ele>41.5</ele>
    <time>2026-10-03T14:38:37Z</time>
   </trkpt>
   <trkpt lat="50.8761150" lon="4.2652090">
    <ele>41.5</ele>
    <time>2026-10-03T14:38:38Z</time>
   </trkpt>
   <trkpt lat="50.8761190" lon="4.2651950">
    <ele>41.5</ele>
    <time>2026-10-03T14:38:39Z</time>
   </trkpt>
   <trkpt lat="50.8761200" lon="4.2651740">
    <ele>41.6</ele>
    <time>2026-10-03T14:38:40Z</time>
   </trkpt>
   <trkpt lat="50.8761230" lon="4.2651270">
    <ele>41.6</ele>
    <time>2026-10-03T14:38:41Z</time>
   </trkpt>
   <trkpt lat="50.8761230" lon="4.2650770">
    <ele>41.6</ele>
    <time>2026-10-03T14:38:42Z</time>
   </trkpt>
   <trkpt lat="50.8761180" lon="4.2650380">
    <ele>41.7</ele>
    <time>2026-10-03T14:38:43Z</time>
   </trkpt>
   <trkpt lat="50.8761130" lon="4.2649990">
    <ele>41.7</ele>
    <time>2026-10-03T14:38:44Z</time>
   </trkpt>
   <trkpt lat="50.8761110" lon="4.2649650">
    <ele>41.7</ele>
    <time>2026-10-03T14:38:45Z</time>
   </trkpt>
   <trkpt lat="50.8761090" lon="4.2649360">
    <ele>41.8</ele>
    <time>2026-10-03T14:38:46Z</time>
   </trkpt>
   <trkpt lat="50.8761080" lon="4.2648990">
    <ele>41.8</ele>
    <time>2026-10-03T14:38:47Z</time>
   </trkpt>
   <trkpt lat="50.8761160" lon="4.2648360">
    <ele>41.9</ele>
    <time>2026-10-03T14:38:48Z</time>
   </trkpt>
   <trkpt lat="50.8761110" lon="4.2647770">
    <ele>41.9</ele>
    <time>2026-10-03T14:38:49Z</time>
   </trkpt>
   <trkpt lat="50.8761020" lon="4.2647380">
    <ele>42.0</ele>
    <time>2026-10-03T14:38:50Z</time>
   </trkpt>
   <trkpt lat="50.8760840" lon="4.2646760">
    <ele>42.1</ele>
    <time>2026-10-03T14:38:51Z</time>
   </trkpt>
   <trkpt lat="50.8760830" lon="4.2646540">
    <ele>42.1</ele>
    <time>2026-10-03T14:38:52Z</time>
   </trkpt>
   <trkpt lat="50.8760820" lon="4.2646340">
    <ele>42.2</ele>
    <time>2026-10-03T14:38:53Z</time>
   </trkpt>
   <trkpt lat="50.8760790" lon="4.2645920">
    <ele>42.3</ele>
    <time>2026-10-03T14:38:54Z</time>
   </trkpt>
   <trkpt lat="50.8760830" lon="4.2645510">
    <ele>42.3</ele>
    <time>2026-10-03T14:38:55Z</time>
   </trkpt>
   <trkpt lat="50.8760780" lon="4.2645140">
    <ele>42.4</ele>
    <time>2026-10-03T14:38:56Z</time>
   </trkpt>
   <trkpt lat="50.8760750" lon="4.2644750">
    <ele>42.5</ele>
    <time>2026-10-03T14:38:57Z</time>
   </trkpt>
   <trkpt lat="50.8760710" lon="4.2644380">
    <ele>42.6</ele>
    <time>2026-10-03T14:38:58Z</time>
   </trkpt>
   <trkpt lat="50.8760680" lon="4.2643950">
    <ele>42.7</ele>
    <time>2026-10-03T14:38:59Z</time>
   </trkpt>
   <trkpt lat="50.8760610" lon="4.2643550">
    <ele>42.8</ele>
    <time>2026-10-03T14:39:00Z</time>
   </trkpt>
   <trkpt lat="50.8760550" lon="4.2643120">
    <ele>42.9</ele>
    <time>2026-10-03T14:39:01Z</time>
   </trkpt>
   <trkpt lat="50.8760480" lon="4.2642660">
    <ele>43.0</ele>
    <time>2026-10-03T14:39:02Z</time>
   </trkpt>
   <trkpt lat="50.8760520" lon="4.2642500">
    <ele>43.0</ele>
    <time>2026-10-03T14:39:03Z</time>
   </trkpt>
   <trkpt lat="50.8760530" lon="4.2642350">
    <ele>43.1</ele>
    <time>2026-10-03T14:39:04Z</time>
   </trkpt>
   <trkpt lat="50.8760470" lon="4.2642080">
    <ele>43.1</ele>
    <time>2026-10-03T14:39:05Z</time>
   </trkpt>
   <trkpt lat="50.8760450" lon="4.2641780">
    <ele>43.2</ele>
    <time>2026-10-03T14:39:06Z</time>
   </trkpt>
   <trkpt lat="50.8760400" lon="4.2641290">
    <ele>43.3</ele>
    <time>2026-10-03T14:39:07Z</time>
   </trkpt>
   <trkpt lat="50.8760380" lon="4.2640920">
    <ele>43.4</ele>
    <time>2026-10-03T14:39:08Z</time>
   </trkpt>
   <trkpt lat="50.8760370" lon="4.2640520">
    <ele>43.5</ele>
    <time>2026-10-03T14:39:09Z</time>
   </trkpt>
   <trkpt lat="50.8760370" lon="4.2640220">
    <ele>43.5</ele>
    <time>2026-10-03T14:39:10Z</time>
   </trkpt>
   <trkpt lat="50.8760330" lon="4.2639860">
    <ele>43.6</ele>
    <time>2026-10-03T14:39:11Z</time>
   </trkpt>
   <trkpt lat="50.8760260" lon="4.2639490">
    <ele>43.7</ele>
    <time>2026-10-03T14:39:12Z</time>
   </trkpt>
   <trkpt lat="50.8760210" lon="4.2639120">
    <ele>43.8</ele>
    <time>2026-10-03T14:39:13Z</time>
   </trkpt>
   <trkpt lat="50.8760130" lon="4.2638730">
    <ele>43.9</ele>
    <time>2026-10-03T14:39:14Z</time>
   </trkpt>
   <trkpt lat="50.8760120" lon="4.2638510">
    <ele>43.9</ele>
    <time>2026-10-03T14:39:15Z</time>
   </trkpt>
   <trkpt lat="50.8760090" lon="4.2638110">
    <ele>44.0</ele>
    <time>2026-10-03T14:39:16Z</time>
   </trkpt>
   <trkpt lat="50.8760020" lon="4.2637690">
    <ele>44.1</ele>
    <time>2026-10-03T14:39:17Z</time>
   </trkpt>
   <trkpt lat="50.8759940" lon="4.2637240">
    <ele>44.2</ele>
    <time>2026-10-03T14:39:18Z</time>
   </trkpt>
   <trkpt lat="50.8759880" lon="4.2636910">
    <ele>44.3</ele>
    <time>2026-10-03T14:39:19Z</time>
   </trkpt>
   <trkpt lat="50.8760010" lon="4.2636630">
    <ele>44.3</ele>
    <time>2026-10-03T14:39:20Z</time>
   </trkpt>
   <trkpt lat="50.8760020" lon="4.2636380">
    <ele>44.4</ele>
    <time>2026-10-03T14:39:21Z</time>
   </trkpt>
   <trkpt lat="50.8759980" lon="4.2636100">
    <ele>44.4</ele>
    <time>2026-10-03T14:39:22Z</time>
   </trkpt>
   <trkpt lat="50.8759980" lon="4.2636040">
    <ele>44.4</ele>
    <time>2026-10-03T14:39:23Z</time>
   </trkpt>
   <trkpt lat="50.8759840" lon="4.2635860">
    <ele>44.5</ele>
    <time>2026-10-03T14:39:24Z</time>
   </trkpt>
   <trkpt lat="50.8759750" lon="4.2635400">
    <ele>44.6</ele>
    <time>2026-10-03T14:39:25Z</time>
   </trkpt>
   <trkpt lat="50.8759740" lon="4.2635050">
    <ele>44.6</ele>
    <time>2026-10-03T14:39:26Z</time>
   </trkpt>
   <trkpt lat="50.8759660" lon="4.2634700">
    <ele>44.7</ele>
    <time>2026-10-03T14:39:27Z</time>
   </trkpt>
   <trkpt lat="50.8759640" lon="4.2634270">
    <ele>44.7</ele>
    <time>2026-10-03T14:39:28Z</time>
   </trkpt>
   <trkpt lat="50.8759580" lon="4.2633800">
    <ele>44.8</ele>
    <time>2026-10-03T14:39:29Z</time>
   </trkpt>
   <trkpt lat="50.8759530" lon="4.2633450">
    <ele>44.8</ele>
    <time>2026-10-03T14:39:30Z</time>
   </trkpt>
   <trkpt lat="50.8759470" lon="4.2633130">
    <ele>44.8</ele>
    <time>2026-10-03T14:39:31Z</time>
   </trkpt>
   <trkpt lat="50.8759370" lon="4.2632730">
    <ele>44.9</ele>
    <time>2026-10-03T14:39:32Z</time>
   </trkpt>
   <trkpt lat="50.8759270" lon="4.2632280">
    <ele>44.9</ele>
    <time>2026-10-03T14:39:33Z</time>
   </trkpt>
   <trkpt lat="50.8759210" lon="4.2631940">
    <ele>44.9</ele>
    <time>2026-10-03T14:39:34Z</time>
   </trkpt>
   <trkpt lat="50.8759200" lon="4.2631450">
    <ele>44.9</ele>
    <time>2026-10-03T14:39:35Z</time>
   </trkpt>
   <trkpt lat="50.8759190" lon="4.2631170">
    <ele>44.9</ele>
    <time>2026-10-03T14:39:36Z</time>
   </trkpt>
   <trkpt lat="50.8759230" lon="4.2630840">
    <ele>45.0</ele>
    <time>2026-10-03T14:39:37Z</time>
   </trkpt>
   <trkpt lat="50.8759230" lon="4.2630490">
    <ele>45.0</ele>
    <time>2026-10-03T14:39:38Z</time>
   </trkpt>
   <trkpt lat="50.8759210" lon="4.2630120">
    <ele>45.0</ele>
    <time>2026-10-03T14:39:39Z</time>
   </trkpt>
   <trkpt lat="50.8759210" lon="4.2629800">
    <ele>45.0</ele>
    <time>2026-10-03T14:39:40Z</time>
   </trkpt>
   <trkpt lat="50.8759230" lon="4.2629500">
    <ele>45.0</ele>
    <time>2026-10-03T14:39:41Z</time>
   </trkpt>
   <trkpt lat="50.8759120" lon="4.2629190">
    <ele>45.0</ele>
    <time>2026-10-03T14:39:42Z</time>
   </trkpt>
   <trkpt lat="50.8759050" lon="4.2628850">
    <ele>45.0</ele>
    <time>2026-10-03T14:39:43Z</time>
   </trkpt>
   <trkpt lat="50.8759040" lon="4.2628470">
    <ele>45.0</ele>
    <time>2026-10-03T14:39:44Z</time>
   </trkpt>
   <trkpt lat="50.8759050" lon="4.2628040">
    <ele>45.0</ele>
    <time>2026-10-03T14:39:45Z</time>
   </trkpt>
   <trkpt lat="50.8759020" lon="4.2627670">
    <ele>45.0</ele>
    <time>2026-10-03T14:39:46Z</time>
   </trkpt>
   <trkpt lat="50.8759000" lon="4.2627310">
    <ele>45.0</ele>
    <time>2026-10-03T14:39:47Z</time>
   </trkpt>
   <trkpt lat="50.8758830" lon="4.2626960">
    <ele>45.0</ele>
    <time>2026-10-03T14:39:48Z</time>
   </trkpt>
   <trkpt lat="50.8758840" lon="4.2626640">
    <ele>45.0</ele>
    <time>2026-10-03T14:39:49Z</time>
   </trkpt>
   <trkpt lat="50.8758760" lon="4.2626330">
    <ele>45.0</ele>
    <time>2026-10-03T14:39:50Z</time>
   </trkpt>
   <trkpt lat="50.8758690" lon="4.2625870">
    <ele>45.0</ele>
    <time>2026-10-03T14:39:51Z</time>
   </trkpt>
   <trkpt lat="50.8758700" lon="4.2625530">
    <ele>45.0</ele>
    <time>2026-10-03T14:39:52Z</time>
   </trkpt>
   <trkpt lat="50.8758610" lon="4.2625420">
    <ele>45.0</ele>
    <time>2026-10-03T14:39:53Z</time>
   </trkpt>
   <trkpt lat="50.8758540" lon="4.2625210">
    <ele>45.0</ele>
    <time>2026-10-03T14:39:54Z</time>
   </trkpt>
   <trkpt lat="50.8758460" lon="4.2624680">
    <ele>45.0</ele>
    <time>2026-10-03T14:39:55Z</time>
   </trkpt>
   <trkpt lat="50.8758440" lon="4.2624300">
    <ele>44.9</ele>
    <time>2026-10-03T14:39:56Z</time>
   </trkpt>
   <trkpt lat="50.8758370" lon="4.2623810">
    <ele>44.9</ele>
    <time>2026-10-03T14:39:57Z</time>
   </trkpt>
   <trkpt lat="50.8758340" lon="4.2623400">
    <ele>44.9</ele>
    <time>2026-10-03T14:39:58Z</time>
   </trkpt>
   <trkpt lat="50.8758310" lon="4.2623020">
    <ele>44.9</ele>
    <time>2026-10-03T14:39:59Z</time>
   </trkpt>
   <trkpt lat="50.8758240" lon="4.2622570">
    <ele>44.9</ele>
    <time>2026-10-03T14:40:00Z</time>
   </trkpt>
   <trkpt lat="50.8758210" lon="4.2622280">
    <ele>44.9</ele>
    <time>2026-10-03T14:40:01Z</time>
   </trkpt>
   <trkpt lat="50.8758190" lon="4.2621920">
    <ele>44.9</ele>
    <time>2026-10-03T14:40:02Z</time>
   </trkpt>
   <trkpt lat="50.8758180" lon="4.2621600">
    <ele>44.9</ele>
    <time>2026-10-03T14:40:03Z</time>
   </trkpt>
   <trkpt lat="50.8758180" lon="4.2621320">
    <ele>44.9</ele>
    <time>2026-10-03T14:40:04Z</time>
   </trkpt>
   <trkpt lat="50.8758150" lon="4.2621010">
    <ele>44.9</ele>
    <time>2026-10-03T14:40:05Z</time>
   </trkpt>
   <trkpt lat="50.8758110" lon="4.2620710">
    <ele>44.9</ele>
    <time>2026-10-03T14:40:06Z</time>
   </trkpt>
   <trkpt lat="50.8758040" lon="4.2620370">
    <ele>44.9</ele>
    <time>2026-10-03T14:40:07Z</time>
   </trkpt>
   <trkpt lat="50.8758050" lon="4.2620090">
    <ele>44.9</ele>
    <time>2026-10-03T14:40:08Z</time>
   </trkpt>
   <trkpt lat="50.8757990" lon="4.2619710">
    <ele>44.9</ele>
    <time>2026-10-03T14:40:09Z</time>
   </trkpt>
   <trkpt lat="50.8757980" lon="4.2619320">
    <ele>44.9</ele>
    <time>2026-10-03T14:40:10Z</time>
   </trkpt>
   <trkpt lat="50.8757950" lon="4.2619020">
    <ele>44.9</ele>
    <time>2026-10-03T14:40:11Z</time>
   </trkpt>
   <trkpt lat="50.8757900" lon="4.2618730">
    <ele>44.9</ele>
    <time>2026-10-03T14:40:12Z</time>
   </trkpt>
   <trkpt lat="50.8757820" lon="4.2618370">
    <ele>44.8</ele>
    <time>2026-10-03T14:40:13Z</time>
   </trkpt>
   <trkpt lat="50.8757780" lon="4.2618000">
    <ele>44.8</ele>
    <time>2026-10-03T14:40:14Z</time>
   </trkpt>
   <trkpt lat="50.8757720" lon="4.2617750">
    <ele>44.8</ele>
    <time>2026-10-03T14:40:15Z</time>
   </trkpt>
   <trkpt lat="50.8757640" lon="4.2617420">
    <ele>44.8</ele>
    <time>2026-10-03T14:40:16Z</time>
   </trkpt>
   <trkpt lat="50.8757580" lon="4.2617080">
    <ele>44.8</ele>
    <time>2026-10-03T14:40:17Z</time>
   </trkpt>
   <trkpt lat="50.8757510" lon="4.2616660">
    <ele>44.8</ele>
    <time>2026-10-03T14:40:18Z</time>
   </trkpt>
   <trkpt lat="50.8757470" lon="4.2616300">
    <ele>44.7</ele>
    <time>2026-10-03T14:40:19Z</time>
   </trkpt>
   <trkpt lat="50.8757340" lon="4.2615930">
    <ele>44.7</ele>
    <time>2026-10-03T14:40:20Z</time>
   </trkpt>
   <trkpt lat="50.8757290" lon="4.2615720">
    <ele>44.7</ele>
    <time>2026-10-03T14:40:21Z</time>
   </trkpt>
   <trkpt lat="50.8757270" lon="4.2615310">
    <ele>44.7</ele>
    <time>2026-10-03T14:40:22Z</time>
   </trkpt>
   <trkpt lat="50.8757200" lon="4.2614870">
    <ele>44.6</ele>
    <time>2026-10-03T14:40:23Z</time>
   </trkpt>
   <trkpt lat="50.8757090" lon="4.2614580">
    <ele>44.6</ele>
    <time>2026-10-03T14:40:24Z</time>
   </trkpt>
   <trkpt lat="50.8757050" lon="4.2614340">
    <ele>44.6</ele>
    <time>2026-10-03T14:40:25Z</time>
   </trkpt>
   <trkpt lat="50.8756940" lon="4.2613880">
    <ele>44.6</ele>
    <time>2026-10-03T14:40:26Z</time>
   </trkpt>
   <trkpt lat="50.8756840" lon="4.2613490">
    <ele>44.5</ele>
    <time>2026-10-03T14:40:27Z</time>
   </trkpt>
   <trkpt lat="50.8756750" lon="4.2613210">
    <ele>44.5</ele>
    <time>2026-10-03T14:40:28Z</time>
   </trkpt>
   <trkpt lat="50.8756630" lon="4.2612840">
    <ele>44.5</ele>
    <time>2026-10-03T14:40:29Z</time>
   </trkpt>
   <trkpt lat="50.8756540" lon="4.2612560">
    <ele>44.5</ele>
    <time>2026-10-03T14:40:30Z</time>
   </trkpt>
   <trkpt lat="50.8756410" lon="4.2612200">
    <ele>44.4</ele>
    <time>2026-10-03T14:40:31Z</time>
   </trkpt>
   <trkpt lat="50.8756370" lon="4.2611860">
    <ele>44.4</ele>
    <time>2026-10-03T14:40:32Z</time>
   </trkpt>
   <trkpt lat="50.8756290" lon="4.2611610">
    <ele>44.4</ele>
    <time>2026-10-03T14:40:33Z</time>
   </trkpt>
   <trkpt lat="50.8756190" lon="4.2611270">
    <ele>44.4</ele>
    <time>2026-10-03T14:40:34Z</time>
   </trkpt>
   <trkpt lat="50.8756140" lon="4.2610910">
    <ele>44.4</ele>
    <time>2026-10-03T14:40:35Z</time>
   </trkpt>
   <trkpt lat="50.8756030" lon="4.2610630">
    <ele>44.4</ele>
    <time>2026-10-03T14:40:36Z</time>
   </trkpt>
   <trkpt lat="50.8755940" lon="4.2610340">
    <ele>44.4</ele>
    <time>2026-10-03T14:40:37Z</time>
   </trkpt>
   <trkpt lat="50.8756010" lon="4.2610090">
    <ele>44.3</ele>
    <time>2026-10-03T14:40:38Z</time>
   </trkpt>
   <trkpt lat="50.8756110" lon="4.2609650">
    <ele>44.3</ele>
    <time>2026-10-03T14:40:39Z</time>
   </trkpt>
   <trkpt lat="50.8756170" lon="4.2609350">
    <ele>44.3</ele>
    <time>2026-10-03T14:40:40Z</time>
   </trkpt>
   <trkpt lat="50.8756170" lon="4.2609050">
    <ele>44.3</ele>
    <time>2026-10-03T14:40:41Z</time>
   </trkpt>
   <trkpt lat="50.8756200" lon="4.2608700">
    <ele>44.3</ele>
    <time>2026-10-03T14:40:42Z</time>
   </trkpt>
   <trkpt lat="50.8756080" lon="4.2608340">
    <ele>44.3</ele>
    <time>2026-10-03T14:40:43Z</time>
   </trkpt>
   <trkpt lat="50.8755930" lon="4.2608070">
    <ele>44.2</ele>
    <time>2026-10-03T14:40:44Z</time>
   </trkpt>
   <trkpt lat="50.8755790" lon="4.2607740">
    <ele>44.2</ele>
    <time>2026-10-03T14:40:45Z</time>
   </trkpt>
   <trkpt lat="50.8755690" lon="4.2607500">
    <ele>44.2</ele>
    <time>2026-10-03T14:40:46Z</time>
   </trkpt>
   <trkpt lat="50.8755630" lon="4.2607150">
    <ele>44.2</ele>
    <time>2026-10-03T14:40:47Z</time>
   </trkpt>
   <trkpt lat="50.8755510" lon="4.2606910">
    <ele>44.2</ele>
    <time>2026-10-03T14:40:48Z</time>
   </trkpt>
   <trkpt lat="50.8755430" lon="4.2606550">
    <ele>44.2</ele>
    <time>2026-10-03T14:40:49Z</time>
   </trkpt>
   <trkpt lat="50.8755350" lon="4.2606250">
    <ele>44.2</ele>
    <time>2026-10-03T14:40:50Z</time>
   </trkpt>
   <trkpt lat="50.8755310" lon="4.2605950">
    <ele>44.2</ele>
    <time>2026-10-03T14:40:51Z</time>
   </trkpt>
   <trkpt lat="50.8755240" lon="4.2605550">
    <ele>44.2</ele>
    <time>2026-10-03T14:40:52Z</time>
   </trkpt>
   <trkpt lat="50.8755100" lon="4.2605180">
    <ele>44.2</ele>
    <time>2026-10-03T14:40:53Z</time>
   </trkpt>
   <trkpt lat="50.8754990" lon="4.2604820">
    <ele>44.2</ele>
    <time>2026-10-03T14:40:54Z</time>
   </trkpt>
   <trkpt lat="50.8754910" lon="4.2604420">
    <ele>44.2</ele>
    <time>2026-10-03T14:40:55Z</time>
   </trkpt>
   <trkpt lat="50.8754930" lon="4.2604020">
    <ele>44.2</ele>
    <time>2026-10-03T14:40:56Z</time>
   </trkpt>
   <trkpt lat="50.8754850" lon="4.2603690">
    <ele>44.2</ele>
    <time>2026-10-03T14:40:57Z</time>
   </trkpt>
   <trkpt lat="50.8754780" lon="4.2603410">
    <ele>44.2</ele>
    <time>2026-10-03T14:40:58Z</time>
   </trkpt>
   <trkpt lat="50.8754670" lon="4.2603100">
    <ele>44.2</ele>
    <time>2026-10-03T14:40:59Z</time>
   </trkpt>
   <trkpt lat="50.8754530" lon="4.2602820">
    <ele>44.1</ele>
    <time>2026-10-03T14:41:00Z</time>
   </trkpt>
   <trkpt lat="50.8754470" lon="4.2602490">
    <ele>44.1</ele>
    <time>2026-10-03T14:41:01Z</time>
   </trkpt>
   <trkpt lat="50.8754380" lon="4.2602220">
    <ele>44.1</ele>
    <time>2026-10-03T14:41:02Z</time>
   </trkpt>
   <trkpt lat="50.8754320" lon="4.2601880">
    <ele>44.1</ele>
    <time>2026-10-03T14:41:03Z</time>
   </trkpt>
   <trkpt lat="50.8754240" lon="4.2601480">
    <ele>44.1</ele>
    <time>2026-10-03T14:41:04Z</time>
   </trkpt>
   <trkpt lat="50.8754150" lon="4.2601220">
    <ele>44.1</ele>
    <time>2026-10-03T14:41:05Z</time>
   </trkpt>
   <trkpt lat="50.8754070" lon="4.2600930">
    <ele>44.1</ele>
    <time>2026-10-03T14:41:06Z</time>
   </trkpt>
   <trkpt lat="50.8753950" lon="4.2600530">
    <ele>44.1</ele>
    <time>2026-10-03T14:41:07Z</time>
   </trkpt>
   <trkpt lat="50.8753900" lon="4.2600200">
    <ele>44.1</ele>
    <time>2026-10-03T14:41:08Z</time>
   </trkpt>
   <trkpt lat="50.8753780" lon="4.2599910">
    <ele>44.1</ele>
    <time>2026-10-03T14:41:09Z</time>
   </trkpt>
   <trkpt lat="50.8753680" lon="4.2599630">
    <ele>44.1</ele>
    <time>2026-10-03T14:41:10Z</time>
   </trkpt>
   <trkpt lat="50.8753650" lon="4.2599270">
    <ele>44.1</ele>
    <time>2026-10-03T14:41:11Z</time>
   </trkpt>
   <trkpt lat="50.8753550" lon="4.2598910">
    <ele>44.1</ele>
    <time>2026-10-03T14:41:12Z</time>
   </trkpt>
   <trkpt lat="50.8753410" lon="4.2598670">
    <ele>44.1</ele>
    <time>2026-10-03T14:41:13Z</time>
   </trkpt>
   <trkpt lat="50.8753290" lon="4.2598360">
    <ele>44.1</ele>
    <time>2026-10-03T14:41:14Z</time>
   </trkpt>
   <trkpt lat="50.8753170" lon="4.2598030">
    <ele>44.2</ele>
    <time>2026-10-03T14:41:15Z</time>
   </trkpt>
   <trkpt lat="50.8753120" lon="4.2597720">
    <ele>44.2</ele>
    <time>2026-10-03T14:41:16Z</time>
   </trkpt>
   <trkpt lat="50.8753070" lon="4.2597360">
    <ele>44.2</ele>
    <time>2026-10-03T14:41:17Z</time>
   </trkpt>
   <trkpt lat="50.8752950" lon="4.2597150">
    <ele>44.2</ele>
    <time>2026-10-03T14:41:18Z</time>
   </trkpt>
   <trkpt lat="50.8752950" lon="4.2596860">
    <ele>44.2</ele>
    <time>2026-10-03T14:41:19Z</time>
   </trkpt>
   <trkpt lat="50.8752890" lon="4.2596610">
    <ele>44.2</ele>
    <time>2026-10-03T14:41:20Z</time>
   </trkpt>
   <trkpt lat="50.8752800" lon="4.2596360">
    <ele>44.2</ele>
    <time>2026-10-03T14:41:21Z</time>
   </trkpt>
   <trkpt lat="50.8752740" lon="4.2595960">
    <ele>44.2</ele>
    <time>2026-10-03T14:41:22Z</time>
   </trkpt>
   <trkpt lat="50.8752680" lon="4.2595680">
    <ele>44.2</ele>
    <time>2026-10-03T14:41:23Z</time>
   </trkpt>
   <trkpt lat="50.8752630" lon="4.2595420">
    <ele>44.2</ele>
    <time>2026-10-03T14:41:24Z</time>
   </trkpt>
   <trkpt lat="50.8752550" lon="4.2595110">
    <ele>44.2</ele>
    <time>2026-10-03T14:41:25Z</time>
   </trkpt>
   <trkpt lat="50.8752450" lon="4.2594770">
    <ele>44.3</ele>
    <time>2026-10-03T14:41:26Z</time>
   </trkpt>
   <trkpt lat="50.8752350" lon="4.2594310">
    <ele>44.3</ele>
    <time>2026-10-03T14:41:27Z</time>
   </trkpt>
   <trkpt lat="50.8752260" lon="4.2593900">
    <ele>44.3</ele>
    <time>2026-10-03T14:41:28Z</time>
   </trkpt>
   <trkpt lat="50.8752310" lon="4.2593790">
    <ele>44.3</ele>
    <time>2026-10-03T14:41:29Z</time>
   </trkpt>
   <trkpt lat="50.8752180" lon="4.2593470">
    <ele>44.3</ele>
    <time>2026-10-03T14:41:30Z</time>
   </trkpt>
   <trkpt lat="50.8752020" lon="4.2593070">
    <ele>44.3</ele>
    <time>2026-10-03T14:41:31Z</time>
   </trkpt>
   <trkpt lat="50.8751960" lon="4.2592720">
    <ele>44.3</ele>
    <time>2026-10-03T14:41:32Z</time>
   </trkpt>
   <trkpt lat="50.8751890" lon="4.2592360">
    <ele>44.3</ele>
    <time>2026-10-03T14:41:33Z</time>
   </trkpt>
   <trkpt lat="50.8751930" lon="4.2592090">
    <ele>44.3</ele>
    <time>2026-10-03T14:41:34Z</time>
   </trkpt>
   <trkpt lat="50.8751890" lon="4.2591750">
    <ele>44.3</ele>
    <time>2026-10-03T14:41:35Z</time>
   </trkpt>
   <trkpt lat="50.8751740" lon="4.2591330">
    <ele>44.3</ele>
    <time>2026-10-03T14:41:36Z</time>
   </trkpt>
   <trkpt lat="50.8751600" lon="4.2591050">
    <ele>44.3</ele>
    <time>2026-10-03T14:41:37Z</time>
   </trkpt>
   <trkpt lat="50.8751540" lon="4.2590640">
    <ele>44.3</ele>
    <time>2026-10-03T14:41:38Z</time>
   </trkpt>
   <trkpt lat="50.8751480" lon="4.2590240">
    <ele>44.3</ele>
    <time>2026-10-03T14:41:39Z</time>
   </trkpt>
   <trkpt lat="50.8751430" lon="4.2589840">
    <ele>44.3</ele>
    <time>2026-10-03T14:41:40Z</time>
   </trkpt>
   <trkpt lat="50.8751390" lon="4.2589450">
    <ele>44.3</ele>
    <time>2026-10-03T14:41:41Z</time>
   </trkpt>
   <trkpt lat="50.8751250" lon="4.2589290">
    <ele>44.3</ele>
    <time>2026-10-03T14:41:42Z</time>
   </trkpt>
   <trkpt lat="50.8751230" lon="4.2588870">
    <ele>44.3</ele>
    <time>2026-10-03T14:41:43Z</time>
   </trkpt>
   <trkpt lat="50.8751270" lon="4.2588510">
    <ele>44.3</ele>
    <time>2026-10-03T14:41:44Z</time>
   </trkpt>
   <trkpt lat="50.8751200" lon="4.2588080">
    <ele>44.3</ele>
    <time>2026-10-03T14:41:45Z</time>
   </trkpt>
   <trkpt lat="50.8751110" lon="4.2587720">
    <ele>44.3</ele>
    <time>2026-10-03T14:41:46Z</time>
   </trkpt>
   <trkpt lat="50.8751050" lon="4.2587390">
    <ele>44.3</ele>
    <time>2026-10-03T14:41:47Z</time>
   </trkpt>
   <trkpt lat="50.8751010" lon="4.2587040">
    <ele>44.3</ele>
    <time>2026-10-03T14:41:48Z</time>
   </trkpt>
   <trkpt lat="50.8750980" lon="4.2586700">
    <ele>44.3</ele>
    <time>2026-10-03T14:41:49Z</time>
   </trkpt>
   <trkpt lat="50.8750970" lon="4.2586460">
    <ele>44.3</ele>
    <time>2026-10-03T14:41:50Z</time>
   </trkpt>
   <trkpt lat="50.8750920" lon="4.2586190">
    <ele>44.3</ele>
    <time>2026-10-03T14:41:51Z</time>
   </trkpt>
   <trkpt lat="50.8750930" lon="4.2585870">
    <ele>44.4</ele>
    <time>2026-10-03T14:41:52Z</time>
   </trkpt>
   <trkpt lat="50.8750910" lon="4.2585630">
    <ele>44.4</ele>
    <time>2026-10-03T14:41:53Z</time>
   </trkpt>
   <trkpt lat="50.8750870" lon="4.2585170">
    <ele>44.4</ele>
    <time>2026-10-03T14:41:54Z</time>
   </trkpt>
   <trkpt lat="50.8750840" lon="4.2584880">
    <ele>44.4</ele>
    <time>2026-10-03T14:41:55Z</time>
   </trkpt>
   <trkpt lat="50.8750810" lon="4.2584570">
    <ele>44.4</ele>
    <time>2026-10-03T14:41:56Z</time>
   </trkpt>
   <trkpt lat="50.8750750" lon="4.2584360">
    <ele>44.4</ele>
    <time>2026-10-03T14:41:57Z</time>
   </trkpt>
   <trkpt lat="50.8750730" lon="4.2583840">
    <ele>44.5</ele>
    <time>2026-10-03T14:41:58Z</time>
   </trkpt>
   <trkpt lat="50.8750720" lon="4.2583510">
    <ele>44.5</ele>
    <time>2026-10-03T14:41:59Z</time>
   </trkpt>
   <trkpt lat="50.8750680" lon="4.2583070">
    <ele>44.5</ele>
    <time>2026-10-03T14:42:00Z</time>
   </trkpt>
   <trkpt lat="50.8750650" lon="4.2582720">
    <ele>44.5</ele>
    <time>2026-10-03T14:42:01Z</time>
   </trkpt>
   <trkpt lat="50.8750650" lon="4.2582340">
    <ele>44.6</ele>
    <time>2026-10-03T14:42:02Z</time>
   </trkpt>
   <trkpt lat="50.8750620" lon="4.2582000">
    <ele>44.6</ele>
    <time>2026-10-03T14:42:03Z</time>
   </trkpt>
   <trkpt lat="50.8750650" lon="4.2581690">
    <ele>44.6</ele>
    <time>2026-10-03T14:42:04Z</time>
   </trkpt>
   <trkpt lat="50.8750660" lon="4.2581430">
    <ele>44.6</ele>
    <time>2026-10-03T14:42:05Z</time>
   </trkpt>
   <trkpt lat="50.8750590" lon="4.2581050">
    <ele>44.7</ele>
    <time>2026-10-03T14:42:06Z</time>
   </trkpt>
   <trkpt lat="50.8750620" lon="4.2580730">
    <ele>44.7</ele>
    <time>2026-10-03T14:42:07Z</time>
   </trkpt>
   <trkpt lat="50.8750600" lon="4.2580420">
    <ele>44.7</ele>
    <time>2026-10-03T14:42:08Z</time>
   </trkpt>
   <trkpt lat="50.8750520" lon="4.2580100">
    <ele>44.8</ele>
    <time>2026-10-03T14:42:09Z</time>
   </trkpt>
   <trkpt lat="50.8750430" lon="4.2579820">
    <ele>44.8</ele>
    <time>2026-10-03T14:42:10Z</time>
   </trkpt>
   <trkpt lat="50.8750460" lon="4.2579470">
    <ele>44.8</ele>
    <time>2026-10-03T14:42:11Z</time>
   </trkpt>
   <trkpt lat="50.8750340" lon="4.2579130">
    <ele>44.9</ele>
    <time>2026-10-03T14:42:12Z</time>
   </trkpt>
   <trkpt lat="50.8750350" lon="4.2578850">
    <ele>44.9</ele>
    <time>2026-10-03T14:42:13Z</time>
   </trkpt>
   <trkpt lat="50.8750280" lon="4.2578540">
    <ele>44.9</ele>
    <time>2026-10-03T14:42:14Z</time>
   </trkpt>
   <trkpt lat="50.8750220" lon="4.2578210">
    <ele>44.9</ele>
    <time>2026-10-03T14:42:15Z</time>
   </trkpt>
   <trkpt lat="50.8750180" lon="4.2577850">
    <ele>45.0</ele>
    <time>2026-10-03T14:42:16Z</time>
   </trkpt>
   <trkpt lat="50.8750130" lon="4.2577520">
    <ele>45.0</ele>
    <time>2026-10-03T14:42:17Z</time>
   </trkpt>
   <trkpt lat="50.8750160" lon="4.2577160">
    <ele>45.0</ele>
    <time>2026-10-03T14:42:18Z</time>
   </trkpt>
   <trkpt lat="50.8750210" lon="4.2576850">
    <ele>45.1</ele>
    <time>2026-10-03T14:42:19Z</time>
   </trkpt>
   <trkpt lat="50.8750230" lon="4.2576490">
    <ele>45.1</ele>
    <time>2026-10-03T14:42:20Z</time>
   </trkpt>
   <trkpt lat="50.8750200" lon="4.2576190">
    <ele>45.1</ele>
    <time>2026-10-03T14:42:21Z</time>
   </trkpt>
   <trkpt lat="50.8750200" lon="4.2575860">
    <ele>45.2</ele>
    <time>2026-10-03T14:42:22Z</time>
   </trkpt>
   <trkpt lat="50.8750200" lon="4.2575510">
    <ele>45.2</ele>
    <time>2026-10-03T14:42:23Z</time>
   </trkpt>
   <trkpt lat="50.8750220" lon="4.2575120">
    <ele>45.3</ele>
    <time>2026-10-03T14:42:24Z</time>
   </trkpt>
   <trkpt lat="50.8750190" lon="4.2574780">
    <ele>45.3</ele>
    <time>2026-10-03T14:42:25Z</time>
   </trkpt>
   <trkpt lat="50.8750200" lon="4.2574450">
    <ele>45.3</ele>
    <time>2026-10-03T14:42:26Z</time>
   </trkpt>
   <trkpt lat="50.8750220" lon="4.2574120">
    <ele>45.4</ele>
    <time>2026-10-03T14:42:27Z</time>
   </trkpt>
   <trkpt lat="50.8750370" lon="4.2573880">
    <ele>45.4</ele>
    <time>2026-10-03T14:42:28Z</time>
   </trkpt>
   <trkpt lat="50.8750540" lon="4.2573870">
    <ele>45.5</ele>
    <time>2026-10-03T14:42:29Z</time>
   </trkpt>
   <trkpt lat="50.8750780" lon="4.2573800">
    <ele>45.5</ele>
    <time>2026-10-03T14:42:30Z</time>
   </trkpt>
   <trkpt lat="50.8750990" lon="4.2573680">
    <ele>45.6</ele>
    <time>2026-10-03T14:42:31Z</time>
   </trkpt>
   <trkpt lat="50.8751190" lon="4.2573560">
    <ele>45.6</ele>
    <time>2026-10-03T14:42:32Z</time>
   </trkpt>
   <trkpt lat="50.8751370" lon="4.2573460">
    <ele>45.7</ele>
    <time>2026-10-03T14:42:34Z</time>
   </trkpt>
   <trkpt lat="50.8751550" lon="4.2573350">
    <ele>45.7</ele>
    <time>2026-10-03T14:42:35Z</time>
   </trkpt>
   <trkpt lat="50.8751720" lon="4.2573200">
    <ele>45.7</ele>
    <time>2026-10-03T14:42:36Z</time>
   </trkpt>
   <trkpt lat="50.8751860" lon="4.2572980">
    <ele>45.8</ele>
    <time>2026-10-03T14:42:37Z</time>
   </trkpt>
   <trkpt lat="50.8751960" lon="4.2572760">
    <ele>45.8</ele>
    <time>2026-10-03T14:42:38Z</time>
   </trkpt>
   <trkpt lat="50.8752080" lon="4.2572520">
    <ele>45.9</ele>
    <time>2026-10-03T14:42:39Z</time>
   </trkpt>
   <trkpt lat="50.8752230" lon="4.2572340">
    <ele>45.9</ele>
    <time>2026-10-03T14:42:40Z</time>
   </trkpt>
   <trkpt lat="50.8752380" lon="4.2572150">
    <ele>46.0</ele>
    <time>2026-10-03T14:42:41Z</time>
   </trkpt>
   <trkpt lat="50.8752470" lon="4.2571890">
    <ele>46.0</ele>
    <time>2026-10-03T14:42:42Z</time>
   </trkpt>
   <trkpt lat="50.8752590" lon="4.2571630">
    <ele>46.1</ele>
    <time>2026-10-03T14:42:43Z</time>
   </trkpt>
   <trkpt lat="50.8752780" lon="4.2571340">
    <ele>46.2</ele>
    <time>2026-10-03T14:42:44Z</time>
   </trkpt>
   <trkpt lat="50.8752970" lon="4.2571130">
    <ele>46.2</ele>
    <time>2026-10-03T14:42:45Z</time>
   </trkpt>
   <trkpt lat="50.8753090" lon="4.2570890">
    <ele>46.3</ele>
    <time>2026-10-03T14:42:46Z</time>
   </trkpt>
   <trkpt lat="50.8753250" lon="4.2570690">
    <ele>46.4</ele>
    <time>2026-10-03T14:42:47Z</time>
   </trkpt>
   <trkpt lat="50.8753440" lon="4.2570480">
    <ele>46.5</ele>
    <time>2026-10-03T14:42:48Z</time>
   </trkpt>
   <trkpt lat="50.8753550" lon="4.2570310">
    <ele>46.5</ele>
    <time>2026-10-03T14:42:49Z</time>
   </trkpt>
   <trkpt lat="50.8753670" lon="4.2570000">
    <ele>46.6</ele>
    <time>2026-10-03T14:42:50Z</time>
   </trkpt>
   <trkpt lat="50.8753740" lon="4.2569740">
    <ele>46.7</ele>
    <time>2026-10-03T14:42:51Z</time>
   </trkpt>
   <trkpt lat="50.8753830" lon="4.2569490">
    <ele>46.7</ele>
    <time>2026-10-03T14:42:52Z</time>
   </trkpt>
   <trkpt lat="50.8753920" lon="4.2569200">
    <ele>46.8</ele>
    <time>2026-10-03T14:42:53Z</time>
   </trkpt>
   <trkpt lat="50.8754020" lon="4.2568910">
    <ele>46.9</ele>
    <time>2026-10-03T14:42:54Z</time>
   </trkpt>
   <trkpt lat="50.8754100" lon="4.2568600">
    <ele>47.0</ele>
    <time>2026-10-03T14:42:55Z</time>
   </trkpt>
   <trkpt lat="50.8754240" lon="4.2568410">
    <ele>47.0</ele>
    <time>2026-10-03T14:42:56Z</time>
   </trkpt>
   <trkpt lat="50.8754370" lon="4.2568070">
    <ele>47.1</ele>
    <time>2026-10-03T14:42:57Z</time>
   </trkpt>
   <trkpt lat="50.8754510" lon="4.2567810">
    <ele>47.2</ele>
    <time>2026-10-03T14:42:58Z</time>
   </trkpt>
   <trkpt lat="50.8754580" lon="4.2567510">
    <ele>47.3</ele>
    <time>2026-10-03T14:42:59Z</time>
   </trkpt>
   <trkpt lat="50.8754680" lon="4.2567270">
    <ele>47.3</ele>
    <time>2026-10-03T14:43:00Z</time>
   </trkpt>
   <trkpt lat="50.8754750" lon="4.2566980">
    <ele>47.4</ele>
    <time>2026-10-03T14:43:01Z</time>
   </trkpt>
   <trkpt lat="50.8754950" lon="4.2567030">
    <ele>47.5</ele>
    <time>2026-10-03T14:43:02Z</time>
   </trkpt>
   <trkpt lat="50.8755140" lon="4.2566860">
    <ele>47.6</ele>
    <time>2026-10-03T14:43:03Z</time>
   </trkpt>
   <trkpt lat="50.8755300" lon="4.2566690">
    <ele>47.7</ele>
    <time>2026-10-03T14:43:04Z</time>
   </trkpt>
   <trkpt lat="50.8755430" lon="4.2566530">
    <ele>47.7</ele>
    <time>2026-10-03T14:43:05Z</time>
   </trkpt>
   <trkpt lat="50.8755550" lon="4.2566320">
    <ele>47.8</ele>
    <time>2026-10-03T14:43:06Z</time>
   </trkpt>
   <trkpt lat="50.8755690" lon="4.2566110">
    <ele>47.9</ele>
    <time>2026-10-03T14:43:07Z</time>
   </trkpt>
   <trkpt lat="50.8755840" lon="4.2565880">
    <ele>48.0</ele>
    <time>2026-10-03T14:43:08Z</time>
   </trkpt>
   <trkpt lat="50.8755970" lon="4.2565670">
    <ele>48.1</ele>
    <time>2026-10-03T14:43:09Z</time>
   </trkpt>
   <trkpt lat="50.8756130" lon="4.2565480">
    <ele>48.1</ele>
    <time>2026-10-03T14:43:10Z</time>
   </trkpt>
   <trkpt lat="50.8756290" lon="4.2565280">
    <ele>48.2</ele>
    <time>2026-10-03T14:43:11Z</time>
   </trkpt>
   <trkpt lat="50.8756400" lon="4.2565080">
    <ele>48.3</ele>
    <time>2026-10-03T14:43:12Z</time>
   </trkpt>
   <trkpt lat="50.8756560" lon="4.2564950">
    <ele>48.4</ele>
    <time>2026-10-03T14:43:13Z</time>
   </trkpt>
   <trkpt lat="50.8756690" lon="4.2564800">
    <ele>48.4</ele>
    <time>2026-10-03T14:43:14Z</time>
   </trkpt>
   <trkpt lat="50.8756810" lon="4.2564640">
    <ele>48.5</ele>
    <time>2026-10-03T14:43:15Z</time>
   </trkpt>
   <trkpt lat="50.8756940" lon="4.2564450">
    <ele>48.6</ele>
    <time>2026-10-03T14:43:16Z</time>
   </trkpt>
   <trkpt lat="50.8757130" lon="4.2564210">
    <ele>48.7</ele>
    <time>2026-10-03T14:43:17Z</time>
   </trkpt>
   <trkpt lat="50.8757240" lon="4.2563990">
    <ele>48.7</ele>
    <time>2026-10-03T14:43:18Z</time>
   </trkpt>
   <trkpt lat="50.8757360" lon="4.2563810">
    <ele>48.8</ele>
    <time>2026-10-03T14:43:19Z</time>
   </trkpt>
   <trkpt lat="50.8757460" lon="4.2563500">
    <ele>48.9</ele>
    <time>2026-10-03T14:43:20Z</time>
   </trkpt>
   <trkpt lat="50.8757550" lon="4.2563300">
    <ele>49.0</ele>
    <time>2026-10-03T14:43:21Z</time>
   </trkpt>
   <trkpt lat="50.8757690" lon="4.2563020">
    <ele>49.1</ele>
    <time>2026-10-03T14:43:22Z</time>
   </trkpt>
   <trkpt lat="50.8757940" lon="4.2562790">
    <ele>49.2</ele>
    <time>2026-10-03T14:43:23Z</time>
   </trkpt>
   <trkpt lat="50.8758040" lon="4.2562550">
    <ele>49.3</ele>
    <time>2026-10-03T14:43:24Z</time>
   </trkpt>
   <trkpt lat="50.8758130" lon="4.2562250">
    <ele>49.4</ele>
    <time>2026-10-03T14:43:25Z</time>
   </trkpt>
   <trkpt lat="50.8758250" lon="4.2562030">
    <ele>49.5</ele>
    <time>2026-10-03T14:43:26Z</time>
   </trkpt>
   <trkpt lat="50.8758400" lon="4.2561790">
    <ele>49.6</ele>
    <time>2026-10-03T14:43:27Z</time>
   </trkpt>
   <trkpt lat="50.8758440" lon="4.2561610">
    <ele>49.6</ele>
    <time>2026-10-03T14:43:28Z</time>
   </trkpt>
   <trkpt lat="50.8758510" lon="4.2561280">
    <ele>49.7</ele>
    <time>2026-10-03T14:43:29Z</time>
   </trkpt>
   <trkpt lat="50.8758710" lon="4.2561100">
    <ele>49.8</ele>
    <time>2026-10-03T14:43:30Z</time>
   </trkpt>
   <trkpt lat="50.8758870" lon="4.2560940">
    <ele>49.9</ele>
    <time>2026-10-03T14:43:31Z</time>
   </trkpt>
   <trkpt lat="50.8758960" lon="4.2560710">
    <ele>49.9</ele>
    <time>2026-10-03T14:43:32Z</time>
   </trkpt>
   <trkpt lat="50.8759080" lon="4.2560520">
    <ele>50.0</ele>
    <time>2026-10-03T14:43:33Z</time>
   </trkpt>
   <trkpt lat="50.8759170" lon="4.2560350">
    <ele>50.1</ele>
    <time>2026-10-03T14:43:34Z</time>
   </trkpt>
   <trkpt lat="50.8759270" lon="4.2560220">
    <ele>50.1</ele>
    <time>2026-10-03T14:43:35Z</time>
   </trkpt>
   <trkpt lat="50.8759370" lon="4.2559890">
    <ele>50.2</ele>
    <time>2026-10-03T14:43:36Z</time>
   </trkpt>
   <trkpt lat="50.8759490" lon="4.2559600">
    <ele>50.3</ele>
    <time>2026-10-03T14:43:37Z</time>
   </trkpt>
   <trkpt lat="50.8759600" lon="4.2559350">
    <ele>50.4</ele>
    <time>2026-10-03T14:43:38Z</time>
   </trkpt>
   <trkpt lat="50.8759710" lon="4.2559110">
    <ele>50.5</ele>
    <time>2026-10-03T14:43:39Z</time>
   </trkpt>
   <trkpt lat="50.8759860" lon="4.2558920">
    <ele>50.5</ele>
    <time>2026-10-03T14:43:40Z</time>
   </trkpt>
   <trkpt lat="50.8760030" lon="4.2558630">
    <ele>50.6</ele>
    <time>2026-10-03T14:43:41Z</time>
   </trkpt>
   <trkpt lat="50.8760210" lon="4.2558460">
    <ele>50.7</ele>
    <time>2026-10-03T14:43:42Z</time>
   </trkpt>
   <trkpt lat="50.8760500" lon="4.2558210">
    <ele>50.9</ele>
    <time>2026-10-03T14:43:43Z</time>
   </trkpt>
   <trkpt lat="50.8760640" lon="4.2558110">
    <ele>50.9</ele>
    <time>2026-10-03T14:43:44Z</time>
   </trkpt>
   <trkpt lat="50.8760700" lon="4.2557850">
    <ele>51.0</ele>
    <time>2026-10-03T14:43:45Z</time>
   </trkpt>
   <trkpt lat="50.8760740" lon="4.2557540">
    <ele>51.1</ele>
    <time>2026-10-03T14:43:46Z</time>
   </trkpt>
   <trkpt lat="50.8760910" lon="4.2557330">
    <ele>51.1</ele>
    <time>2026-10-03T14:43:47Z</time>
   </trkpt>
   <trkpt lat="50.8761070" lon="4.2557150">
    <ele>51.2</ele>
    <time>2026-10-03T14:43:48Z</time>
   </trkpt>
   <trkpt lat="50.8761160" lon="4.2556790">
    <ele>51.3</ele>
    <time>2026-10-03T14:43:49Z</time>
   </trkpt>
   <trkpt lat="50.8761230" lon="4.2556560">
    <ele>51.4</ele>
    <time>2026-10-03T14:43:50Z</time>
   </trkpt>
   <trkpt lat="50.8761320" lon="4.2556280">
    <ele>51.5</ele>
    <time>2026-10-03T14:43:51Z</time>
   </trkpt>
   <trkpt lat="50.8761410" lon="4.2556050">
    <ele>51.5</ele>
    <time>2026-10-03T14:43:52Z</time>
   </trkpt>
   <trkpt lat="50.8761560" lon="4.2555880">
    <ele>51.6</ele>
    <time>2026-10-03T14:43:53Z</time>
   </trkpt>
   <trkpt lat="50.8761720" lon="4.2555620">
    <ele>51.7</ele>
    <time>2026-10-03T14:43:54Z</time>
   </trkpt>
   <trkpt lat="50.8761880" lon="4.2555410">
    <ele>51.8</ele>
    <time>2026-10-03T14:43:55Z</time>
   </trkpt>
   <trkpt lat="50.8762000" lon="4.2555150">
    <ele>51.9</ele>
    <time>2026-10-03T14:43:56Z</time>
   </trkpt>
   <trkpt lat="50.8762130" lon="4.2554880">
    <ele>51.9</ele>
    <time>2026-10-03T14:43:57Z</time>
   </trkpt>
   <trkpt lat="50.8762190" lon="4.2554600">
    <ele>52.0</ele>
    <time>2026-10-03T14:43:58Z</time>
   </trkpt>
   <trkpt lat="50.8762270" lon="4.2554280">
    <ele>52.1</ele>
    <time>2026-10-03T14:43:59Z</time>
   </trkpt>
   <trkpt lat="50.8762410" lon="4.2554020">
    <ele>52.2</ele>
    <time>2026-10-03T14:44:00Z</time>
   </trkpt>
   <trkpt lat="50.8762510" lon="4.2553850">
    <ele>52.3</ele>
    <time>2026-10-03T14:44:01Z</time>
   </trkpt>
   <trkpt lat="50.8762690" lon="4.2553720">
    <ele>52.3</ele>
    <time>2026-10-03T14:44:02Z</time>
   </trkpt>
   <trkpt lat="50.8762750" lon="4.2553480">
    <ele>52.4</ele>
    <time>2026-10-03T14:44:03Z</time>
   </trkpt>
   <trkpt lat="50.8762910" lon="4.2553190">
    <ele>52.5</ele>
    <time>2026-10-03T14:44:04Z</time>
   </trkpt>
   <trkpt lat="50.8763050" lon="4.2552970">
    <ele>52.6</ele>
    <time>2026-10-03T14:44:05Z</time>
   </trkpt>
   <trkpt lat="50.8763180" lon="4.2552680">
    <ele>52.7</ele>
    <time>2026-10-03T14:44:06Z</time>
   </trkpt>
   <trkpt lat="50.8763240" lon="4.2552440">
    <ele>52.8</ele>
    <time>2026-10-03T14:44:07Z</time>
   </trkpt>
   <trkpt lat="50.8763360" lon="4.2552220">
    <ele>52.8</ele>
    <time>2026-10-03T14:44:08Z</time>
   </trkpt>
   <trkpt lat="50.8763430" lon="4.2552050">
    <ele>52.9</ele>
    <time>2026-10-03T14:44:09Z</time>
   </trkpt>
   <trkpt lat="50.8763560" lon="4.2551830">
    <ele>53.0</ele>
    <time>2026-10-03T14:44:10Z</time>
   </trkpt>
   <trkpt lat="50.8763670" lon="4.2551680">
    <ele>53.0</ele>
    <time>2026-10-03T14:44:11Z</time>
   </trkpt>
   <trkpt lat="50.8763800" lon="4.2551480">
    <ele>53.1</ele>
    <time>2026-10-03T14:44:12Z</time>
   </trkpt>
   <trkpt lat="50.8763920" lon="4.2551260">
    <ele>53.2</ele>
    <time>2026-10-03T14:44:13Z</time>
   </trkpt>
   <trkpt lat="50.8764010" lon="4.2550980">
    <ele>53.2</ele>
    <time>2026-10-03T14:44:14Z</time>
   </trkpt>
   <trkpt lat="50.8764080" lon="4.2550670">
    <ele>53.3</ele>
    <time>2026-10-03T14:44:15Z</time>
   </trkpt>
   <trkpt lat="50.8764200" lon="4.2550500">
    <ele>53.4</ele>
    <time>2026-10-03T14:44:16Z</time>
   </trkpt>
   <trkpt lat="50.8764250" lon="4.2550180">
    <ele>53.5</ele>
    <time>2026-10-03T14:44:17Z</time>
   </trkpt>
   <trkpt lat="50.8764420" lon="4.2550140">
    <ele>53.5</ele>
    <time>2026-10-03T14:44:18Z</time>
   </trkpt>
   <trkpt lat="50.8764550" lon="4.2549940">
    <ele>53.6</ele>
    <time>2026-10-03T14:44:19Z</time>
   </trkpt>
   <trkpt lat="50.8764680" lon="4.2549680">
    <ele>53.6</ele>
    <time>2026-10-03T14:44:20Z</time>
   </trkpt>
   <trkpt lat="50.8764750" lon="4.2549410">
    <ele>53.7</ele>
    <time>2026-10-03T14:44:21Z</time>
   </trkpt>
   <trkpt lat="50.8764880" lon="4.2549240">
    <ele>53.8</ele>
    <time>2026-10-03T14:44:22Z</time>
   </trkpt>
   <trkpt lat="50.8765010" lon="4.2549040">
    <ele>53.8</ele>
    <time>2026-10-03T14:44:23Z</time>
   </trkpt>
   <trkpt lat="50.8765120" lon="4.2548920">
    <ele>53.9</ele>
    <time>2026-10-03T14:44:24Z</time>
   </trkpt>
   <trkpt lat="50.8765260" lon="4.2548680">
    <ele>53.9</ele>
    <time>2026-10-03T14:44:25Z</time>
   </trkpt>
   <trkpt lat="50.8765400" lon="4.2548410">
    <ele>54.0</ele>
    <time>2026-10-03T14:44:26Z</time>
   </trkpt>
   <trkpt lat="50.8765500" lon="4.2548260">
    <ele>54.0</ele>
    <time>2026-10-03T14:44:27Z</time>
   </trkpt>
   <trkpt lat="50.8765640" lon="4.2548110">
    <ele>54.1</ele>
    <time>2026-10-03T14:44:28Z</time>
   </trkpt>
   <trkpt lat="50.8765740" lon="4.2547910">
    <ele>54.1</ele>
    <time>2026-10-03T14:44:29Z</time>
   </trkpt>
   <trkpt lat="50.8765890" lon="4.2547700">
    <ele>54.2</ele>
    <time>2026-10-03T14:44:30Z</time>
   </trkpt>
   <trkpt lat="50.8766090" lon="4.2547500">
    <ele>54.3</ele>
    <time>2026-10-03T14:44:31Z</time>
   </trkpt>
   <trkpt lat="50.8766230" lon="4.2547340">
    <ele>54.3</ele>
    <time>2026-10-03T14:44:32Z</time>
   </trkpt>
   <trkpt lat="50.8766340" lon="4.2547340">
    <ele>54.4</ele>
    <time>2026-10-03T14:44:33Z</time>
   </trkpt>
   <trkpt lat="50.8766530" lon="4.2547280">
    <ele>54.4</ele>
    <time>2026-10-03T14:44:34Z</time>
   </trkpt>
   <trkpt lat="50.8766650" lon="4.2546890">
    <ele>54.5</ele>
    <time>2026-10-03T14:44:35Z</time>
   </trkpt>
   <trkpt lat="50.8766710" lon="4.2546530">
    <ele>54.6</ele>
    <time>2026-10-03T14:44:36Z</time>
   </trkpt>
   <trkpt lat="50.8766810" lon="4.2546150">
    <ele>54.7</ele>
    <time>2026-10-03T14:44:37Z</time>
   </trkpt>
   <trkpt lat="50.8767000" lon="4.2545870">
    <ele>54.7</ele>
    <time>2026-10-03T14:44:38Z</time>
   </trkpt>
   <trkpt lat="50.8767170" lon="4.2545690">
    <ele>54.8</ele>
    <time>2026-10-03T14:44:40Z</time>
   </trkpt>
   <trkpt lat="50.8767270" lon="4.2545510">
    <ele>54.9</ele>
    <time>2026-10-03T14:44:41Z</time>
   </trkpt>
   <trkpt lat="50.8767410" lon="4.2545270">
    <ele>54.9</ele>
    <time>2026-10-03T14:44:42Z</time>
   </trkpt>
   <trkpt lat="50.8767520" lon="4.2545020">
    <ele>55.0</ele>
    <time>2026-10-03T14:44:43Z</time>
   </trkpt>
   <trkpt lat="50.8767640" lon="4.2544860">
    <ele>55.0</ele>
    <time>2026-10-03T14:44:44Z</time>
   </trkpt>
   <trkpt lat="50.8767780" lon="4.2544650">
    <ele>55.1</ele>
    <time>2026-10-03T14:44:45Z</time>
   </trkpt>
   <trkpt lat="50.8767900" lon="4.2544390">
    <ele>55.2</ele>
    <time>2026-10-03T14:44:46Z</time>
   </trkpt>
   <trkpt lat="50.8768000" lon="4.2544090">
    <ele>55.2</ele>
    <time>2026-10-03T14:44:47Z</time>
   </trkpt>
   <trkpt lat="50.8768120" lon="4.2543830">
    <ele>55.3</ele>
    <time>2026-10-03T14:44:48Z</time>
   </trkpt>
   <trkpt lat="50.8768250" lon="4.2543630">
    <ele>55.4</ele>
    <time>2026-10-03T14:44:49Z</time>
   </trkpt>
   <trkpt lat="50.8768370" lon="4.2543400">
    <ele>55.4</ele>
    <time>2026-10-03T14:44:50Z</time>
   </trkpt>
   <trkpt lat="50.8768610" lon="4.2543270">
    <ele>55.5</ele>
    <time>2026-10-03T14:44:51Z</time>
   </trkpt>
   <trkpt lat="50.8768700" lon="4.2542880">
    <ele>55.6</ele>
    <time>2026-10-03T14:44:52Z</time>
   </trkpt>
   <trkpt lat="50.8768810" lon="4.2542640">
    <ele>55.7</ele>
    <time>2026-10-03T14:44:53Z</time>
   </trkpt>
   <trkpt lat="50.8768920" lon="4.2542400">
    <ele>55.7</ele>
    <time>2026-10-03T14:44:54Z</time>
   </trkpt>
   <trkpt lat="50.8769050" lon="4.2542180">
    <ele>55.8</ele>
    <time>2026-10-03T14:44:55Z</time>
   </trkpt>
   <trkpt lat="50.8769170" lon="4.2541990">
    <ele>55.8</ele>
    <time>2026-10-03T14:44:56Z</time>
   </trkpt>
   <trkpt lat="50.8769310" lon="4.2541670">
    <ele>55.9</ele>
    <time>2026-10-03T14:44:57Z</time>
   </trkpt>
   <trkpt lat="50.8769430" lon="4.2541640">
    <ele>56.0</ele>
    <time>2026-10-03T14:44:58Z</time>
   </trkpt>
   <trkpt lat="50.8769550" lon="4.2541450">
    <ele>56.0</ele>
    <time>2026-10-03T14:44:59Z</time>
   </trkpt>
   <trkpt lat="50.8769610" lon="4.2541510">
    <ele>56.0</ele>
    <time>2026-10-03T14:45:00Z</time>
   </trkpt>
   <trkpt lat="50.8769680" lon="4.2541150">
    <ele>56.1</ele>
    <time>2026-10-03T14:45:01Z</time>
   </trkpt>
   <trkpt lat="50.8769650" lon="4.2540760">
    <ele>56.2</ele>
    <time>2026-10-03T14:45:02Z</time>
   </trkpt>
   <trkpt lat="50.8769730" lon="4.2540620">
    <ele>56.2</ele>
    <time>2026-10-03T14:45:03Z</time>
   </trkpt>
   <trkpt lat="50.8769820" lon="4.2540390">
    <ele>56.3</ele>
    <time>2026-10-03T14:45:04Z</time>
   </trkpt>
   <trkpt lat="50.8769900" lon="4.2540170">
    <ele>56.3</ele>
    <time>2026-10-03T14:45:05Z</time>
   </trkpt>
   <trkpt lat="50.8770040" lon="4.2539930">
    <ele>56.4</ele>
    <time>2026-10-03T14:45:06Z</time>
   </trkpt>
   <trkpt lat="50.8770210" lon="4.2539590">
    <ele>56.5</ele>
    <time>2026-10-03T14:45:07Z</time>
   </trkpt>
   <trkpt lat="50.8770360" lon="4.2539340">
    <ele>56.6</ele>
    <time>2026-10-03T14:45:08Z</time>
   </trkpt>
   <trkpt lat="50.8770500" lon="4.2539110">
    <ele>56.7</ele>
    <time>2026-10-03T14:45:09Z</time>
   </trkpt>
   <trkpt lat="50.8770640" lon="4.2538770">
    <ele>56.7</ele>
    <time>2026-10-03T14:45:10Z</time>
   </trkpt>
   <trkpt lat="50.8770730" lon="4.2538570">
    <ele>56.8</ele>
    <time>2026-10-03T14:45:11Z</time>
   </trkpt>
   <trkpt lat="50.8770860" lon="4.2538400">
    <ele>56.9</ele>
    <time>2026-10-03T14:45:12Z</time>
   </trkpt>
   <trkpt lat="50.8771070" lon="4.2538250">
    <ele>56.9</ele>
    <time>2026-10-03T14:45:13Z</time>
   </trkpt>
   <trkpt lat="50.8771200" lon="4.2538100">
    <ele>57.0</ele>
    <time>2026-10-03T14:45:14Z</time>
   </trkpt>
   <trkpt lat="50.8771340" lon="4.2537930">
    <ele>57.0</ele>
    <time>2026-10-03T14:45:15Z</time>
   </trkpt>
   <trkpt lat="50.8771470" lon="4.2537680">
    <ele>57.1</ele>
    <time>2026-10-03T14:45:16Z</time>
   </trkpt>
   <trkpt lat="50.8771620" lon="4.2537380">
    <ele>57.2</ele>
    <time>2026-10-03T14:45:17Z</time>
   </trkpt>
   <trkpt lat="50.8771790" lon="4.2537240">
    <ele>57.3</ele>
    <time>2026-10-03T14:45:18Z</time>
   </trkpt>
   <trkpt lat="50.8771960" lon="4.2536910">
    <ele>57.4</ele>
    <time>2026-10-03T14:45:19Z</time>
   </trkpt>
   <trkpt lat="50.8772110" lon="4.2536690">
    <ele>57.4</ele>
    <time>2026-10-03T14:45:20Z</time>
   </trkpt>
   <trkpt lat="50.8772230" lon="4.2536390">
    <ele>57.5</ele>
    <time>2026-10-03T14:45:21Z</time>
   </trkpt>
   <trkpt lat="50.8772320" lon="4.2536070">
    <ele>57.6</ele>
    <time>2026-10-03T14:45:22Z</time>
   </trkpt>
   <trkpt lat="50.8772430" lon="4.2535840">
    <ele>57.7</ele>
    <time>2026-10-03T14:45:23Z</time>
   </trkpt>
   <trkpt lat="50.8772600" lon="4.2535750">
    <ele>57.7</ele>
    <time>2026-10-03T14:45:24Z</time>
   </trkpt>
   <trkpt lat="50.8772790" lon="4.2535610">
    <ele>57.8</ele>
    <time>2026-10-03T14:45:25Z</time>
   </trkpt>
   <trkpt lat="50.8772910" lon="4.2535330">
    <ele>57.9</ele>
    <time>2026-10-03T14:45:26Z</time>
   </trkpt>
   <trkpt lat="50.8773040" lon="4.2535070">
    <ele>57.9</ele>
    <time>2026-10-03T14:45:27Z</time>
   </trkpt>
   <trkpt lat="50.8773180" lon="4.2534870">
    <ele>58.0</ele>
    <time>2026-10-03T14:45:28Z</time>
   </trkpt>
   <trkpt lat="50.8773330" lon="4.2534690">
    <ele>58.1</ele>
    <time>2026-10-03T14:45:29Z</time>
   </trkpt>
   <trkpt lat="50.8773510" lon="4.2534430">
    <ele>58.2</ele>
    <time>2026-10-03T14:45:30Z</time>
   </trkpt>
   <trkpt lat="50.8773600" lon="4.2534230">
    <ele>58.2</ele>
    <time>2026-10-03T14:45:31Z</time>
   </trkpt>
   <trkpt lat="50.8773700" lon="4.2534000">
    <ele>58.3</ele>
    <time>2026-10-03T14:45:32Z</time>
   </trkpt>
   <trkpt lat="50.8773840" lon="4.2533780">
    <ele>58.3</ele>
    <time>2026-10-03T14:45:33Z</time>
   </trkpt>
   <trkpt lat="50.8773980" lon="4.2533660">
    <ele>58.4</ele>
    <time>2026-10-03T14:45:34Z</time>
   </trkpt>
   <trkpt lat="50.8774110" lon="4.2533580">
    <ele>58.4</ele>
    <time>2026-10-03T14:45:35Z</time>
   </trkpt>
   <trkpt lat="50.8774240" lon="4.2533440">
    <ele>58.5</ele>
    <time>2026-10-03T14:45:36Z</time>
   </trkpt>
   <trkpt lat="50.8774350" lon="4.2533190">
    <ele>58.6</ele>
    <time>2026-10-03T14:45:37Z</time>
   </trkpt>
   <trkpt lat="50.8774520" lon="4.2532960">
    <ele>58.6</ele>
    <time>2026-10-03T14:45:38Z</time>
   </trkpt>
   <trkpt lat="50.8774670" lon="4.2532760">
    <ele>58.7</ele>
    <time>2026-10-03T14:45:39Z</time>
   </trkpt>
   <trkpt lat="50.8774800" lon="4.2532530">
    <ele>58.8</ele>
    <time>2026-10-03T14:45:40Z</time>
   </trkpt>
   <trkpt lat="50.8774950" lon="4.2532270">
    <ele>58.8</ele>
    <time>2026-10-03T14:45:41Z</time>
   </trkpt>
   <trkpt lat="50.8775140" lon="4.2532050">
    <ele>58.9</ele>
    <time>2026-10-03T14:45:42Z</time>
   </trkpt>
   <trkpt lat="50.8775260" lon="4.2531910">
    <ele>58.9</ele>
    <time>2026-10-03T14:45:43Z</time>
   </trkpt>
   <trkpt lat="50.8775370" lon="4.2531490">
    <ele>59.0</ele>
    <time>2026-10-03T14:45:44Z</time>
   </trkpt>
   <trkpt lat="50.8775500" lon="4.2531260">
    <ele>59.1</ele>
    <time>2026-10-03T14:45:45Z</time>
   </trkpt>
   <trkpt lat="50.8775770" lon="4.2530680">
    <ele>59.2</ele>
    <time>2026-10-03T14:45:46Z</time>
   </trkpt>
   <trkpt lat="50.8775880" lon="4.2530460">
    <ele>59.2</ele>
    <time>2026-10-03T14:45:47Z</time>
   </trkpt>
   <trkpt lat="50.8776040" lon="4.2530200">
    <ele>59.3</ele>
    <time>2026-10-03T14:45:48Z</time>
   </trkpt>
   <trkpt lat="50.8776180" lon="4.2529900">
    <ele>59.3</ele>
    <time>2026-10-03T14:45:49Z</time>
   </trkpt>
   <trkpt lat="50.8776280" lon="4.2529670">
    <ele>59.4</ele>
    <time>2026-10-03T14:45:50Z</time>
   </trkpt>
   <trkpt lat="50.8776410" lon="4.2529470">
    <ele>59.4</ele>
    <time>2026-10-03T14:45:51Z</time>
   </trkpt>
   <trkpt lat="50.8776530" lon="4.2529320">
    <ele>59.5</ele>
    <time>2026-10-03T14:45:52Z</time>
   </trkpt>
   <trkpt lat="50.8776670" lon="4.2529080">
    <ele>59.5</ele>
    <time>2026-10-03T14:45:53Z</time>
   </trkpt>
   <trkpt lat="50.8776790" lon="4.2528860">
    <ele>59.6</ele>
    <time>2026-10-03T14:45:54Z</time>
   </trkpt>
   <trkpt lat="50.8776930" lon="4.2528660">
    <ele>59.6</ele>
    <time>2026-10-03T14:45:55Z</time>
   </trkpt>
   <trkpt lat="50.8777040" lon="4.2528430">
    <ele>59.6</ele>
    <time>2026-10-03T14:45:56Z</time>
   </trkpt>
   <trkpt lat="50.8777210" lon="4.2528110">
    <ele>59.7</ele>
    <time>2026-10-03T14:45:57Z</time>
   </trkpt>
   <trkpt lat="50.8777370" lon="4.2527840">
    <ele>59.8</ele>
    <time>2026-10-03T14:45:58Z</time>
   </trkpt>
   <trkpt lat="50.8777430" lon="4.2527530">
    <ele>59.8</ele>
    <time>2026-10-03T14:45:59Z</time>
   </trkpt>
   <trkpt lat="50.8777530" lon="4.2527220">
    <ele>59.9</ele>
    <time>2026-10-03T14:46:00Z</time>
   </trkpt>
   <trkpt lat="50.8777650" lon="4.2526940">
    <ele>59.9</ele>
    <time>2026-10-03T14:46:01Z</time>
   </trkpt>
   <trkpt lat="50.8777870" lon="4.2526910">
    <ele>60.0</ele>
    <time>2026-10-03T14:46:02Z</time>
   </trkpt>
   <trkpt lat="50.8778030" lon="4.2526710">
    <ele>60.0</ele>
    <time>2026-10-03T14:46:03Z</time>
   </trkpt>
   <trkpt lat="50.8778190" lon="4.2526510">
    <ele>60.1</ele>
    <time>2026-10-03T14:46:04Z</time>
   </trkpt>
   <trkpt lat="50.8778310" lon="4.2526340">
    <ele>60.1</ele>
    <time>2026-10-03T14:46:05Z</time>
   </trkpt>
   <trkpt lat="50.8778520" lon="4.2526090">
    <ele>60.2</ele>
    <time>2026-10-03T14:46:06Z</time>
   </trkpt>
   <trkpt lat="50.8778650" lon="4.2525900">
    <ele>60.2</ele>
    <time>2026-10-03T14:46:07Z</time>
   </trkpt>
   <trkpt lat="50.8778760" lon="4.2525680">
    <ele>60.2</ele>
    <time>2026-10-03T14:46:08Z</time>
   </trkpt>
   <trkpt lat="50.8778930" lon="4.2525460">
    <ele>60.3</ele>
    <time>2026-10-03T14:46:09Z</time>
   </trkpt>
   <trkpt lat="50.8779070" lon="4.2525340">
    <ele>60.3</ele>
    <time>2026-10-03T14:46:10Z</time>
   </trkpt>
   <trkpt lat="50.8779140" lon="4.2525090">
    <ele>60.3</ele>
    <time>2026-10-03T14:46:11Z</time>
   </trkpt>
   <trkpt lat="50.8779280" lon="4.2524940">
    <ele>60.4</ele>
    <time>2026-10-03T14:46:12Z</time>
   </trkpt>
   <trkpt lat="50.8779300" lon="4.2524720">
    <ele>60.4</ele>
    <time>2026-10-03T14:46:13Z</time>
   </trkpt>
   <trkpt lat="50.8779410" lon="4.2524580">
    <ele>60.4</ele>
    <time>2026-10-03T14:46:14Z</time>
   </trkpt>
   <trkpt lat="50.8779580" lon="4.2524400">
    <ele>60.5</ele>
    <time>2026-10-03T14:46:15Z</time>
   </trkpt>
   <trkpt lat="50.8779730" lon="4.2524150">
    <ele>60.5</ele>
    <time>2026-10-03T14:46:16Z</time>
   </trkpt>
   <trkpt lat="50.8779870" lon="4.2523940">
    <ele>60.6</ele>
    <time>2026-10-03T14:46:17Z</time>
   </trkpt>
   <trkpt lat="50.8780030" lon="4.2523770">
    <ele>60.6</ele>
    <time>2026-10-03T14:46:18Z</time>
   </trkpt>
   <trkpt lat="50.8780180" lon="4.2523640">
    <ele>60.7</ele>
    <time>2026-10-03T14:46:19Z</time>
   </trkpt>
   <trkpt lat="50.8780370" lon="4.2523430">
    <ele>60.7</ele>
    <time>2026-10-03T14:46:20Z</time>
   </trkpt>
   <trkpt lat="50.8780510" lon="4.2523260">
    <ele>60.8</ele>
    <time>2026-10-03T14:46:21Z</time>
   </trkpt>
   <trkpt lat="50.8780680" lon="4.2523140">
    <ele>60.8</ele>
    <time>2026-10-03T14:46:22Z</time>
   </trkpt>
   <trkpt lat="50.8780840" lon="4.2522990">
    <ele>60.9</ele>
    <time>2026-10-03T14:46:23Z</time>
   </trkpt>
   <trkpt lat="50.8780970" lon="4.2522800">
    <ele>60.9</ele>
    <time>2026-10-03T14:46:24Z</time>
   </trkpt>
   <trkpt lat="50.8781120" lon="4.2522570">
    <ele>61.0</ele>
    <time>2026-10-03T14:46:25Z</time>
   </trkpt>
   <trkpt lat="50.8781270" lon="4.2522430">
    <ele>61.0</ele>
    <time>2026-10-03T14:46:26Z</time>
   </trkpt>
   <trkpt lat="50.8781410" lon="4.2522180">
    <ele>61.1</ele>
    <time>2026-10-03T14:46:27Z</time>
   </trkpt>
   <trkpt lat="50.8781550" lon="4.2521980">
    <ele>61.2</ele>
    <time>2026-10-03T14:46:28Z</time>
   </trkpt>
   <trkpt lat="50.8781580" lon="4.2521640">
    <ele>61.2</ele>
    <time>2026-10-03T14:46:29Z</time>
   </trkpt>
   <trkpt lat="50.8781620" lon="4.2521330">
    <ele>61.3</ele>
    <time>2026-10-03T14:46:30Z</time>
   </trkpt>
   <trkpt lat="50.8781750" lon="4.2521160">
    <ele>61.3</ele>
    <time>2026-10-03T14:46:31Z</time>
   </trkpt>
   <trkpt lat="50.8781940" lon="4.2521080">
    <ele>61.3</ele>
    <time>2026-10-03T14:46:32Z</time>
   </trkpt>
   <trkpt lat="50.8782080" lon="4.2520860">
    <ele>61.4</ele>
    <time>2026-10-03T14:46:33Z</time>
   </trkpt>
   <trkpt lat="50.8782230" lon="4.2520670">
    <ele>61.4</ele>
    <time>2026-10-03T14:46:34Z</time>
   </trkpt>
   <trkpt lat="50.8782360" lon="4.2520500">
    <ele>61.5</ele>
    <time>2026-10-03T14:46:35Z</time>
   </trkpt>
   <trkpt lat="50.8782480" lon="4.2520280">
    <ele>61.5</ele>
    <time>2026-10-03T14:46:36Z</time>
   </trkpt>
   <trkpt lat="50.8782590" lon="4.2520020">
    <ele>61.5</ele>
    <time>2026-10-03T14:46:37Z</time>
   </trkpt>
   <trkpt lat="50.8782690" lon="4.2519770">
    <ele>61.6</ele>
    <time>2026-10-03T14:46:38Z</time>
   </trkpt>
   <trkpt lat="50.8782810" lon="4.2519670">
    <ele>61.6</ele>
    <time>2026-10-03T14:46:39Z</time>
   </trkpt>
   <trkpt lat="50.8782930" lon="4.2519510">
    <ele>61.6</ele>
    <time>2026-10-03T14:46:40Z</time>
   </trkpt>
   <trkpt lat="50.8783100" lon="4.2519300">
    <ele>61.7</ele>
    <time>2026-10-03T14:46:41Z</time>
   </trkpt>
   <trkpt lat="50.8783250" lon="4.2519130">
    <ele>61.7</ele>
    <time>2026-10-03T14:46:42Z</time>
   </trkpt>
   <trkpt lat="50.8783380" lon="4.2518950">
    <ele>61.7</ele>
    <time>2026-10-03T14:46:43Z</time>
   </trkpt>
   <trkpt lat="50.8783480" lon="4.2518630">
    <ele>61.8</ele>
    <time>2026-10-03T14:46:44Z</time>
   </trkpt>
   <trkpt lat="50.8783670" lon="4.2518480">
    <ele>61.8</ele>
    <time>2026-10-03T14:46:46Z</time>
   </trkpt>
   <trkpt lat="50.8783830" lon="4.2518380">
    <ele>61.9</ele>
    <time>2026-10-03T14:46:47Z</time>
   </trkpt>
   <trkpt lat="50.8784000" lon="4.2518150">
    <ele>61.9</ele>
    <time>2026-10-03T14:46:48Z</time>
   </trkpt>
   <trkpt lat="50.8784160" lon="4.2518060">
    <ele>62.0</ele>
    <time>2026-10-03T14:46:49Z</time>
   </trkpt>
   <trkpt lat="50.8784310" lon="4.2517760">
    <ele>62.0</ele>
    <time>2026-10-03T14:46:50Z</time>
   </trkpt>
   <trkpt lat="50.8784390" lon="4.2517500">
    <ele>62.1</ele>
    <time>2026-10-03T14:46:51Z</time>
   </trkpt>
   <trkpt lat="50.8784520" lon="4.2517260">
    <ele>62.1</ele>
    <time>2026-10-03T14:46:52Z</time>
   </trkpt>
   <trkpt lat="50.8784640" lon="4.2517060">
    <ele>62.2</ele>
    <time>2026-10-03T14:46:53Z</time>
   </trkpt>
   <trkpt lat="50.8784760" lon="4.2516880">
    <ele>62.2</ele>
    <time>2026-10-03T14:46:54Z</time>
   </trkpt>
   <trkpt lat="50.8784870" lon="4.2516750">
    <ele>62.3</ele>
    <time>2026-10-03T14:46:55Z</time>
   </trkpt>
   <trkpt lat="50.8785010" lon="4.2516580">
    <ele>62.3</ele>
    <time>2026-10-03T14:46:56Z</time>
   </trkpt>
   <trkpt lat="50.8785150" lon="4.2516350">
    <ele>62.4</ele>
    <time>2026-10-03T14:46:57Z</time>
   </trkpt>
   <trkpt lat="50.8785320" lon="4.2516250">
    <ele>62.4</ele>
    <time>2026-10-03T14:46:58Z</time>
   </trkpt>
   <trkpt lat="50.8785420" lon="4.2516310">
    <ele>62.4</ele>
    <time>2026-10-03T14:46:59Z</time>
   </trkpt>
   <trkpt lat="50.8785590" lon="4.2516250">
    <ele>62.5</ele>
    <time>2026-10-03T14:47:00Z</time>
   </trkpt>
   <trkpt lat="50.8785740" lon="4.2515930">
    <ele>62.6</ele>
    <time>2026-10-03T14:47:01Z</time>
   </trkpt>
   <trkpt lat="50.8785890" lon="4.2515930">
    <ele>62.6</ele>
    <time>2026-10-03T14:47:02Z</time>
   </trkpt>
   <trkpt lat="50.8786020" lon="4.2515790">
    <ele>62.6</ele>
    <time>2026-10-03T14:47:03Z</time>
   </trkpt>
   <trkpt lat="50.8786160" lon="4.2515630">
    <ele>62.7</ele>
    <time>2026-10-03T14:47:04Z</time>
   </trkpt>
   <trkpt lat="50.8786300" lon="4.2515390">
    <ele>62.7</ele>
    <time>2026-10-03T14:47:05Z</time>
   </trkpt>
   <trkpt lat="50.8786450" lon="4.2515240">
    <ele>62.7</ele>
    <time>2026-10-03T14:47:06Z</time>
   </trkpt>
   <trkpt lat="50.8786620" lon="4.2515090">
    <ele>62.8</ele>
    <time>2026-10-03T14:47:07Z</time>
   </trkpt>
   <trkpt lat="50.8786790" lon="4.2514940">
    <ele>62.8</ele>
    <time>2026-10-03T14:47:08Z</time>
   </trkpt>
   <trkpt lat="50.8786930" lon="4.2514770">
    <ele>62.9</ele>
    <time>2026-10-03T14:47:09Z</time>
   </trkpt>
   <trkpt lat="50.8787080" lon="4.2514550">
    <ele>63.0</ele>
    <time>2026-10-03T14:47:10Z</time>
   </trkpt>
   <trkpt lat="50.8787220" lon="4.2514310">
    <ele>63.0</ele>
    <time>2026-10-03T14:47:11Z</time>
   </trkpt>
   <trkpt lat="50.8787380" lon="4.2514090">
    <ele>63.1</ele>
    <time>2026-10-03T14:47:12Z</time>
   </trkpt>
   <trkpt lat="50.8787530" lon="4.2513910">
    <ele>63.1</ele>
    <time>2026-10-03T14:47:13Z</time>
   </trkpt>
   <trkpt lat="50.8787690" lon="4.2513810">
    <ele>63.2</ele>
    <time>2026-10-03T14:47:14Z</time>
   </trkpt>
   <trkpt lat="50.8787820" lon="4.2513630">
    <ele>63.2</ele>
    <time>2026-10-03T14:47:15Z</time>
   </trkpt>
   <trkpt lat="50.8787990" lon="4.2513460">
    <ele>63.3</ele>
    <time>2026-10-03T14:47:16Z</time>
   </trkpt>
   <trkpt lat="50.8788110" lon="4.2513330">
    <ele>63.3</ele>
    <time>2026-10-03T14:47:17Z</time>
   </trkpt>
   <trkpt lat="50.8788280" lon="4.2513130">
    <ele>63.4</ele>
    <time>2026-10-03T14:47:18Z</time>
   </trkpt>
   <trkpt lat="50.8788430" lon="4.2512930">
    <ele>63.5</ele>
    <time>2026-10-03T14:47:19Z</time>
   </trkpt>
   <trkpt lat="50.8788570" lon="4.2512730">
    <ele>63.5</ele>
    <time>2026-10-03T14:47:20Z</time>
   </trkpt>
   <trkpt lat="50.8788720" lon="4.2512620">
    <ele>63.6</ele>
    <time>2026-10-03T14:47:21Z</time>
   </trkpt>
   <trkpt lat="50.8788890" lon="4.2512400">
    <ele>63.7</ele>
    <time>2026-10-03T14:47:22Z</time>
   </trkpt>
   <trkpt lat="50.8789040" lon="4.2512210">
    <ele>63.8</ele>
    <time>2026-10-03T14:47:23Z</time>
   </trkpt>
   <trkpt lat="50.8789170" lon="4.2512080">
    <ele>63.8</ele>
    <time>2026-10-03T14:47:24Z</time>
   </trkpt>
   <trkpt lat="50.8789310" lon="4.2511870">
    <ele>63.9</ele>
    <time>2026-10-03T14:47:25Z</time>
   </trkpt>
   <trkpt lat="50.8789490" lon="4.2511630">
    <ele>64.0</ele>
    <time>2026-10-03T14:47:26Z</time>
   </trkpt>
   <trkpt lat="50.8789610" lon="4.2511410">
    <ele>64.0</ele>
    <time>2026-10-03T14:47:27Z</time>
   </trkpt>
   <trkpt lat="50.8789760" lon="4.2511180">
    <ele>64.1</ele>
    <time>2026-10-03T14:47:28Z</time>
   </trkpt>
   <trkpt lat="50.8789900" lon="4.2510950">
    <ele>64.2</ele>
    <time>2026-10-03T14:47:29Z</time>
   </trkpt>
   <trkpt lat="50.8790060" lon="4.2510730">
    <ele>64.3</ele>
    <time>2026-10-03T14:47:30Z</time>
   </trkpt>
   <trkpt lat="50.8790280" lon="4.2510680">
    <ele>64.3</ele>
    <time>2026-10-03T14:47:31Z</time>
   </trkpt>
   <trkpt lat="50.8790530" lon="4.2510620">
    <ele>64.4</ele>
    <time>2026-10-03T14:47:32Z</time>
   </trkpt>
   <trkpt lat="50.8790660" lon="4.2510380">
    <ele>64.5</ele>
    <time>2026-10-03T14:47:33Z</time>
   </trkpt>
   <trkpt lat="50.8790830" lon="4.2510230">
    <ele>64.5</ele>
    <time>2026-10-03T14:47:34Z</time>
   </trkpt>
   <trkpt lat="50.8790940" lon="4.2509880">
    <ele>64.6</ele>
    <time>2026-10-03T14:47:35Z</time>
   </trkpt>
   <trkpt lat="50.8790970" lon="4.2509640">
    <ele>64.7</ele>
    <time>2026-10-03T14:47:36Z</time>
   </trkpt>
   <trkpt lat="50.8791000" lon="4.2509300">
    <ele>64.8</ele>
    <time>2026-10-03T14:47:37Z</time>
   </trkpt>
   <trkpt lat="50.8791240" lon="4.2509110">
    <ele>64.9</ele>
    <time>2026-10-03T14:47:38Z</time>
   </trkpt>
   <trkpt lat="50.8791380" lon="4.2508960">
    <ele>64.9</ele>
    <time>2026-10-03T14:47:39Z</time>
   </trkpt>
   <trkpt lat="50.8791520" lon="4.2508740">
    <ele>65.0</ele>
    <time>2026-10-03T14:47:40Z</time>
   </trkpt>
   <trkpt lat="50.8791640" lon="4.2508500">
    <ele>65.0</ele>
    <time>2026-10-03T14:47:41Z</time>
   </trkpt>
   <trkpt lat="50.8791720" lon="4.2508310">
    <ele>65.1</ele>
    <time>2026-10-03T14:47:42Z</time>
   </trkpt>
   <trkpt lat="50.8791890" lon="4.2508140">
    <ele>65.2</ele>
    <time>2026-10-03T14:47:43Z</time>
   </trkpt>
   <trkpt lat="50.8792170" lon="4.2507590">
    <ele>65.3</ele>
    <time>2026-10-03T14:47:44Z</time>
   </trkpt>
   <trkpt lat="50.8792340" lon="4.2507300">
    <ele>65.4</ele>
    <time>2026-10-03T14:47:45Z</time>
   </trkpt>
   <trkpt lat="50.8792480" lon="4.2507010">
    <ele>65.5</ele>
    <time>2026-10-03T14:47:46Z</time>
   </trkpt>
   <trkpt lat="50.8792650" lon="4.2506800">
    <ele>65.6</ele>
    <time>2026-10-03T14:47:47Z</time>
   </trkpt>
   <trkpt lat="50.8792800" lon="4.2506620">
    <ele>65.6</ele>
    <time>2026-10-03T14:47:48Z</time>
   </trkpt>
   <trkpt lat="50.8792900" lon="4.2506590">
    <ele>65.7</ele>
    <time>2026-10-03T14:47:49Z</time>
   </trkpt>
   <trkpt lat="50.8793030" lon="4.2506540">
    <ele>65.7</ele>
    <time>2026-10-03T14:47:50Z</time>
   </trkpt>
   <trkpt lat="50.8793190" lon="4.2506400">
    <ele>65.8</ele>
    <time>2026-10-03T14:47:51Z</time>
   </trkpt>
   <trkpt lat="50.8793350" lon="4.2506330">
    <ele>65.8</ele>
    <time>2026-10-03T14:47:52Z</time>
   </trkpt>
   <trkpt lat="50.8793590" lon="4.2506290">
    <ele>65.9</ele>
    <time>2026-10-03T14:47:53Z</time>
   </trkpt>
   <trkpt lat="50.8793720" lon="4.2506170">
    <ele>65.9</ele>
    <time>2026-10-03T14:47:54Z</time>
   </trkpt>
   <trkpt lat="50.8793840" lon="4.2505880">
    <ele>66.0</ele>
    <time>2026-10-03T14:47:55Z</time>
   </trkpt>
   <trkpt lat="50.8794020" lon="4.2505560">
    <ele>66.1</ele>
    <time>2026-10-03T14:47:56Z</time>
   </trkpt>
   <trkpt lat="50.8794200" lon="4.2505390">
    <ele>66.2</ele>
    <time>2026-10-03T14:47:57Z</time>
   </trkpt>
   <trkpt lat="50.8794430" lon="4.2505200">
    <ele>66.3</ele>
    <time>2026-10-03T14:47:58Z</time>
   </trkpt>
   <trkpt lat="50.8794560" lon="4.2505140">
    <ele>66.3</ele>
    <time>2026-10-03T14:47:59Z</time>
   </trkpt>
   <trkpt lat="50.8794690" lon="4.2504900">
    <ele>66.4</ele>
    <time>2026-10-03T14:48:00Z</time>
   </trkpt>
   <trkpt lat="50.8794870" lon="4.2504710">
    <ele>66.4</ele>
    <time>2026-10-03T14:48:01Z</time>
   </trkpt>
   <trkpt lat="50.8795060" lon="4.2504600">
    <ele>66.5</ele>
    <time>2026-10-03T14:48:02Z</time>
   </trkpt>
   <trkpt lat="50.8795190" lon="4.2504330">
    <ele>66.6</ele>
    <time>2026-10-03T14:48:03Z</time>
   </trkpt>
   <trkpt lat="50.8795370" lon="4.2504090">
    <ele>66.6</ele>
    <time>2026-10-03T14:48:04Z</time>
   </trkpt>
   <trkpt lat="50.8795440" lon="4.2503760">
    <ele>66.7</ele>
    <time>2026-10-03T14:48:05Z</time>
   </trkpt>
   <trkpt lat="50.8795570" lon="4.2503550">
    <ele>66.8</ele>
    <time>2026-10-03T14:48:06Z</time>
   </trkpt>
   <trkpt lat="50.8795720" lon="4.2503400">
    <ele>66.9</ele>
    <time>2026-10-03T14:48:07Z</time>
   </trkpt>
   <trkpt lat="50.8795860" lon="4.2503180">
    <ele>66.9</ele>
    <time>2026-10-03T14:48:08Z</time>
   </trkpt>
   <trkpt lat="50.8795880" lon="4.2502960">
    <ele>67.0</ele>
    <time>2026-10-03T14:48:09Z</time>
   </trkpt>
   <trkpt lat="50.8795940" lon="4.2502640">
    <ele>67.1</ele>
    <time>2026-10-03T14:48:10Z</time>
   </trkpt>
   <trkpt lat="50.8796010" lon="4.2502260">
    <ele>67.2</ele>
    <time>2026-10-03T14:48:11Z</time>
   </trkpt>
   <trkpt lat="50.8796090" lon="4.2502110">
    <ele>67.2</ele>
    <time>2026-10-03T14:48:12Z</time>
   </trkpt>
   <trkpt lat="50.8796110" lon="4.2501760">
    <ele>67.3</ele>
    <time>2026-10-03T14:48:13Z</time>
   </trkpt>
   <trkpt lat="50.8796200" lon="4.2501580">
    <ele>67.3</ele>
    <time>2026-10-03T14:48:14Z</time>
   </trkpt>
   <trkpt lat="50.8796330" lon="4.2501290">
    <ele>67.4</ele>
    <time>2026-10-03T14:48:15Z</time>
   </trkpt>
   <trkpt lat="50.8796360" lon="4.2500960">
    <ele>67.5</ele>
    <time>2026-10-03T14:48:16Z</time>
   </trkpt>
   <trkpt lat="50.8796540" lon="4.2500740">
    <ele>67.6</ele>
    <time>2026-10-03T14:48:17Z</time>
   </trkpt>
   <trkpt lat="50.8796680" lon="4.2500520">
    <ele>67.7</ele>
    <time>2026-10-03T14:48:18Z</time>
   </trkpt>
   <trkpt lat="50.8796620" lon="4.2500040">
    <ele>67.9</ele>
    <time>2026-10-03T14:48:19Z</time>
   </trkpt>
   <trkpt lat="50.8796610" lon="4.2499890">
    <ele>67.9</ele>
    <time>2026-10-03T14:48:20Z</time>
   </trkpt>
   <trkpt lat="50.8796540" lon="4.2499560">
    <ele>68.0</ele>
    <time>2026-10-03T14:48:21Z</time>
   </trkpt>
   <trkpt lat="50.8796550" lon="4.2499380">
    <ele>68.1</ele>
    <time>2026-10-03T14:48:22Z</time>
   </trkpt>
   <trkpt lat="50.8796660" lon="4.2499160">
    <ele>68.1</ele>
    <time>2026-10-03T14:48:23Z</time>
   </trkpt>
   <trkpt lat="50.8796790" lon="4.2498850">
    <ele>68.3</ele>
    <time>2026-10-03T14:48:24Z</time>
   </trkpt>
   <trkpt lat="50.8796900" lon="4.2498570">
    <ele>68.4</ele>
    <time>2026-10-03T14:48:25Z</time>
   </trkpt>
   <trkpt lat="50.8796960" lon="4.2498290">
    <ele>68.5</ele>
    <time>2026-10-03T14:48:26Z</time>
   </trkpt>
   <trkpt lat="50.8796960" lon="4.2497960">
    <ele>68.6</ele>
    <time>2026-10-03T14:48:27Z</time>
   </trkpt>
   <trkpt lat="50.8797040" lon="4.2497720">
    <ele>68.7</ele>
    <time>2026-10-03T14:48:28Z</time>
   </trkpt>
   <trkpt lat="50.8797110" lon="4.2497410">
    <ele>68.8</ele>
    <time>2026-10-03T14:48:29Z</time>
   </trkpt>
   <trkpt lat="50.8797220" lon="4.2497150">
    <ele>69.0</ele>
    <time>2026-10-03T14:48:30Z</time>
   </trkpt>
   <trkpt lat="50.8797320" lon="4.2496960">
    <ele>69.1</ele>
    <time>2026-10-03T14:48:31Z</time>
   </trkpt>
   <trkpt lat="50.8797360" lon="4.2496570">
    <ele>69.2</ele>
    <time>2026-10-03T14:48:32Z</time>
   </trkpt>
   <trkpt lat="50.8797480" lon="4.2496220">
    <ele>69.4</ele>
    <time>2026-10-03T14:48:33Z</time>
   </trkpt>
   <trkpt lat="50.8797450" lon="4.2495760">
    <ele>69.6</ele>
    <time>2026-10-03T14:48:34Z</time>
   </trkpt>
   <trkpt lat="50.8797540" lon="4.2495570">
    <ele>69.7</ele>
    <time>2026-10-03T14:48:35Z</time>
   </trkpt>
   <trkpt lat="50.8797680" lon="4.2495340">
    <ele>69.9</ele>
    <time>2026-10-03T14:48:36Z</time>
   </trkpt>
   <trkpt lat="50.8797850" lon="4.2495130">
    <ele>70.0</ele>
    <time>2026-10-03T14:48:37Z</time>
   </trkpt>
   <trkpt lat="50.8797950" lon="4.2494900">
    <ele>70.2</ele>
    <time>2026-10-03T14:48:38Z</time>
   </trkpt>
   <trkpt lat="50.8798080" lon="4.2494640">
    <ele>70.3</ele>
    <time>2026-10-03T14:48:39Z</time>
   </trkpt>
   <trkpt lat="50.8798090" lon="4.2494370">
    <ele>70.5</ele>
    <time>2026-10-03T14:48:40Z</time>
   </trkpt>
   <trkpt lat="50.8798060" lon="4.2494040">
    <ele>70.6</ele>
    <time>2026-10-03T14:48:41Z</time>
   </trkpt>
   <trkpt lat="50.8798100" lon="4.2493760">
    <ele>70.8</ele>
    <time>2026-10-03T14:48:42Z</time>
   </trkpt>
   <trkpt lat="50.8798190" lon="4.2493430">
    <ele>71.0</ele>
    <time>2026-10-03T14:48:43Z</time>
   </trkpt>
   <trkpt lat="50.8798310" lon="4.2493110">
    <ele>71.2</ele>
    <time>2026-10-03T14:48:44Z</time>
   </trkpt>
   <trkpt lat="50.8798320" lon="4.2492830">
    <ele>71.3</ele>
    <time>2026-10-03T14:48:45Z</time>
   </trkpt>
   <trkpt lat="50.8798340" lon="4.2492620">
    <ele>71.4</ele>
    <time>2026-10-03T14:48:46Z</time>
   </trkpt>
   <trkpt lat="50.8798460" lon="4.2492370">
    <ele>71.6</ele>
    <time>2026-10-03T14:48:47Z</time>
   </trkpt>
   <trkpt lat="50.8798560" lon="4.2492080">
    <ele>71.8</ele>
    <time>2026-10-03T14:48:48Z</time>
   </trkpt>
   <trkpt lat="50.8798660" lon="4.2491940">
    <ele>71.9</ele>
    <time>2026-10-03T14:48:49Z</time>
   </trkpt>
   <trkpt lat="50.8798810" lon="4.2491880">
    <ele>72.0</ele>
    <time>2026-10-03T14:48:50Z</time>
   </trkpt>
   <trkpt lat="50.8798980" lon="4.2491800">
    <ele>72.2</ele>
    <time>2026-10-03T14:48:52Z</time>
   </trkpt>
   <trkpt lat="50.8799080" lon="4.2491660">
    <ele>72.3</ele>
    <time>2026-10-03T14:48:53Z</time>
   </trkpt>
   <trkpt lat="50.8799150" lon="4.2491400">
    <ele>72.4</ele>
    <time>2026-10-03T14:48:54Z</time>
   </trkpt>
   <trkpt lat="50.8799270" lon="4.2491160">
    <ele>72.6</ele>
    <time>2026-10-03T14:48:55Z</time>
   </trkpt>
   <trkpt lat="50.8799350" lon="4.2490860">
    <ele>72.7</ele>
    <time>2026-10-03T14:48:56Z</time>
   </trkpt>
   <trkpt lat="50.8799400" lon="4.2490500">
    <ele>72.9</ele>
    <time>2026-10-03T14:48:57Z</time>
   </trkpt>
   <trkpt lat="50.8799460" lon="4.2490150">
    <ele>73.1</ele>
    <time>2026-10-03T14:48:58Z</time>
   </trkpt>
   <trkpt lat="50.8799500" lon="4.2489770">
    <ele>73.3</ele>
    <time>2026-10-03T14:48:59Z</time>
   </trkpt>
   <trkpt lat="50.8799540" lon="4.2489530">
    <ele>73.4</ele>
    <time>2026-10-03T14:49:00Z</time>
   </trkpt>
   <trkpt lat="50.8799500" lon="4.2489150">
    <ele>73.6</ele>
    <time>2026-10-03T14:49:01Z</time>
   </trkpt>
   <trkpt lat="50.8799560" lon="4.2488950">
    <ele>73.7</ele>
    <time>2026-10-03T14:49:02Z</time>
   </trkpt>
   <trkpt lat="50.8799700" lon="4.2488740">
    <ele>73.9</ele>
    <time>2026-10-03T14:49:03Z</time>
   </trkpt>
   <trkpt lat="50.8799810" lon="4.2488460">
    <ele>74.0</ele>
    <time>2026-10-03T14:49:04Z</time>
   </trkpt>
   <trkpt lat="50.8799860" lon="4.2488230">
    <ele>74.1</ele>
    <time>2026-10-03T14:49:05Z</time>
   </trkpt>
   <trkpt lat="50.8799940" lon="4.2488120">
    <ele>74.2</ele>
    <time>2026-10-03T14:49:06Z</time>
   </trkpt>
   <trkpt lat="50.8800060" lon="4.2487960">
    <ele>74.3</ele>
    <time>2026-10-03T14:49:07Z</time>
   </trkpt>
   <trkpt lat="50.8800160" lon="4.2487800">
    <ele>74.4</ele>
    <time>2026-10-03T14:49:08Z</time>
   </trkpt>
   <trkpt lat="50.8800260" lon="4.2487740">
    <ele>74.5</ele>
    <time>2026-10-03T14:49:09Z</time>
   </trkpt>
   <trkpt lat="50.8800390" lon="4.2487430">
    <ele>74.7</ele>
    <time>2026-10-03T14:49:10Z</time>
   </trkpt>
   <trkpt lat="50.8800430" lon="4.2487170">
    <ele>74.8</ele>
    <time>2026-10-03T14:49:11Z</time>
   </trkpt>
   <trkpt lat="50.8800540" lon="4.2486970">
    <ele>74.9</ele>
    <time>2026-10-03T14:49:12Z</time>
   </trkpt>
   <trkpt lat="50.8800570" lon="4.2486700">
    <ele>75.1</ele>
    <time>2026-10-03T14:49:13Z</time>
   </trkpt>
   <trkpt lat="50.8800660" lon="4.2486510">
    <ele>75.2</ele>
    <time>2026-10-03T14:49:14Z</time>
   </trkpt>
   <trkpt lat="50.8800780" lon="4.2486330">
    <ele>75.3</ele>
    <time>2026-10-03T14:49:15Z</time>
   </trkpt>
   <trkpt lat="50.8800920" lon="4.2486060">
    <ele>75.5</ele>
    <time>2026-10-03T14:49:16Z</time>
   </trkpt>
   <trkpt lat="50.8801080" lon="4.2486000">
    <ele>75.6</ele>
    <time>2026-10-03T14:49:17Z</time>
   </trkpt>
   <trkpt lat="50.8801140" lon="4.2485760">
    <ele>75.7</ele>
    <time>2026-10-03T14:49:18Z</time>
   </trkpt>
   <trkpt lat="50.8801290" lon="4.2485770">
    <ele>75.8</ele>
    <time>2026-10-03T14:49:19Z</time>
   </trkpt>
   <trkpt lat="50.8801440" lon="4.2485640">
    <ele>76.0</ele>
    <time>2026-10-03T14:49:20Z</time>
   </trkpt>
   <trkpt lat="50.8801550" lon="4.2485510">
    <ele>76.1</ele>
    <time>2026-10-03T14:49:21Z</time>
   </trkpt>
   <trkpt lat="50.8801530" lon="4.2485110">
    <ele>76.3</ele>
    <time>2026-10-03T14:49:22Z</time>
   </trkpt>
   <trkpt lat="50.8801580" lon="4.2484840">
    <ele>76.4</ele>
    <time>2026-10-03T14:49:23Z</time>
   </trkpt>
   <trkpt lat="50.8801630" lon="4.2484640">
    <ele>76.5</ele>
    <time>2026-10-03T14:49:24Z</time>
   </trkpt>
   <trkpt lat="50.8801690" lon="4.2484440">
    <ele>76.6</ele>
    <time>2026-10-03T14:49:25Z</time>
   </trkpt>
   <trkpt lat="50.8801740" lon="4.2484200">
    <ele>76.8</ele>
    <time>2026-10-03T14:49:26Z</time>
   </trkpt>
   <trkpt lat="50.8801810" lon="4.2483970">
    <ele>76.9</ele>
    <time>2026-10-03T14:49:27Z</time>
   </trkpt>
   <trkpt lat="50.8801860" lon="4.2483710">
    <ele>77.0</ele>
    <time>2026-10-03T14:49:28Z</time>
   </trkpt>
   <trkpt lat="50.8801920" lon="4.2483430">
    <ele>77.2</ele>
    <time>2026-10-03T14:49:29Z</time>
   </trkpt>
   <trkpt lat="50.8801970" lon="4.2483220">
    <ele>77.3</ele>
    <time>2026-10-03T14:49:30Z</time>
   </trkpt>
   <trkpt lat="50.8802070" lon="4.2483040">
    <ele>77.4</ele>
    <time>2026-10-03T14:49:31Z</time>
   </trkpt>
   <trkpt lat="50.8802180" lon="4.2482550">
    <ele>77.7</ele>
    <time>2026-10-03T14:49:32Z</time>
   </trkpt>
   <trkpt lat="50.8802260" lon="4.2482380">
    <ele>77.8</ele>
    <time>2026-10-03T14:49:33Z</time>
   </trkpt>
   <trkpt lat="50.8802310" lon="4.2482080">
    <ele>78.0</ele>
    <time>2026-10-03T14:49:34Z</time>
   </trkpt>
   <trkpt lat="50.8802350" lon="4.2481790">
    <ele>78.2</ele>
    <time>2026-10-03T14:49:35Z</time>
   </trkpt>
   <trkpt lat="50.8802370" lon="4.2481590">
    <ele>78.3</ele>
    <time>2026-10-03T14:49:36Z</time>
   </trkpt>
   <trkpt lat="50.8802430" lon="4.2481470">
    <ele>78.4</ele>
    <time>2026-10-03T14:49:37Z</time>
   </trkpt>
   <trkpt lat="50.8802410" lon="4.2481200">
    <ele>78.5</ele>
    <time>2026-10-03T14:49:38Z</time>
   </trkpt>
   <trkpt lat="50.8802430" lon="4.2481080">
    <ele>78.6</ele>
    <time>2026-10-03T14:49:39Z</time>
   </trkpt>
   <trkpt lat="50.8802390" lon="4.2480760">
    <ele>78.8</ele>
    <time>2026-10-03T14:49:40Z</time>
   </trkpt>
   <trkpt lat="50.8802290" lon="4.2480430">
    <ele>79.0</ele>
    <time>2026-10-03T14:49:41Z</time>
   </trkpt>
   <trkpt lat="50.8802230" lon="4.2480240">
    <ele>79.1</ele>
    <time>2026-10-03T14:49:42Z</time>
   </trkpt>
   <trkpt lat="50.8802230" lon="4.2479990">
    <ele>79.2</ele>
    <time>2026-10-03T14:49:43Z</time>
   </trkpt>
   <trkpt lat="50.8802170" lon="4.2479690">
    <ele>79.4</ele>
    <time>2026-10-03T14:49:44Z</time>
   </trkpt>
   <trkpt lat="50.8802120" lon="4.2479410">
    <ele>79.5</ele>
    <time>2026-10-03T14:49:45Z</time>
   </trkpt>
   <trkpt lat="50.8802090" lon="4.2479200">
    <ele>79.6</ele>
    <time>2026-10-03T14:49:46Z</time>
   </trkpt>
   <trkpt lat="50.8802130" lon="4.2478980">
    <ele>79.7</ele>
    <time>2026-10-03T14:49:47Z</time>
   </trkpt>
   <trkpt lat="50.8802110" lon="4.2478720">
    <ele>79.8</ele>
    <time>2026-10-03T14:49:48Z</time>
   </trkpt>
   <trkpt lat="50.8802080" lon="4.2478480">
    <ele>79.9</ele>
    <time>2026-10-03T14:49:49Z</time>
   </trkpt>
   <trkpt lat="50.8802150" lon="4.2478140">
    <ele>80.1</ele>
    <time>2026-10-03T14:49:50Z</time>
   </trkpt>
   <trkpt lat="50.8802140" lon="4.2477980">
    <ele>80.1</ele>
    <time>2026-10-03T14:49:51Z</time>
   </trkpt>
   <trkpt lat="50.8802090" lon="4.2477730">
    <ele>80.2</ele>
    <time>2026-10-03T14:49:52Z</time>
   </trkpt>
   <trkpt lat="50.8802040" lon="4.2477510">
    <ele>80.3</ele>
    <time>2026-10-03T14:49:53Z</time>
   </trkpt>
   <trkpt lat="50.8802040" lon="4.2477180">
    <ele>80.4</ele>
    <time>2026-10-03T14:49:54Z</time>
   </trkpt>
   <trkpt lat="50.8802070" lon="4.2476840">
    <ele>80.5</ele>
    <time>2026-10-03T14:49:55Z</time>
   </trkpt>
   <trkpt lat="50.8802040" lon="4.2476540">
    <ele>80.6</ele>
    <time>2026-10-03T14:49:56Z</time>
   </trkpt>
   <trkpt lat="50.8802050" lon="4.2476370">
    <ele>80.6</ele>
    <time>2026-10-03T14:49:57Z</time>
   </trkpt>
   <trkpt lat="50.8801990" lon="4.2476080">
    <ele>80.7</ele>
    <time>2026-10-03T14:49:58Z</time>
   </trkpt>
   <trkpt lat="50.8801960" lon="4.2475960">
    <ele>80.7</ele>
    <time>2026-10-03T14:49:59Z</time>
   </trkpt>
   <trkpt lat="50.8801940" lon="4.2475660">
    <ele>80.8</ele>
    <time>2026-10-03T14:50:00Z</time>
   </trkpt>
   <trkpt lat="50.8801910" lon="4.2475410">
    <ele>80.8</ele>
    <time>2026-10-03T14:50:01Z</time>
   </trkpt>
   <trkpt lat="50.8801880" lon="4.2475230">
    <ele>80.8</ele>
    <time>2026-10-03T14:50:02Z</time>
   </trkpt>
   <trkpt lat="50.8801850" lon="4.2474940">
    <ele>80.9</ele>
    <time>2026-10-03T14:50:03Z</time>
   </trkpt>
   <trkpt lat="50.8801840" lon="4.2474610">
    <ele>80.9</ele>
    <time>2026-10-03T14:50:04Z</time>
   </trkpt>
   <trkpt lat="50.8801830" lon="4.2474260">
    <ele>80.9</ele>
    <time>2026-10-03T14:50:05Z</time>
   </trkpt>
   <trkpt lat="50.8801810" lon="4.2474050">
    <ele>80.9</ele>
    <time>2026-10-03T14:50:06Z</time>
   </trkpt>
   <trkpt lat="50.8801760" lon="4.2473790">
    <ele>80.9</ele>
    <time>2026-10-03T14:50:07Z</time>
   </trkpt>
   <trkpt lat="50.8801730" lon="4.2473490">
    <ele>80.9</ele>
    <time>2026-10-03T14:50:08Z</time>
   </trkpt>
   <trkpt lat="50.8801530" lon="4.2473190">
    <ele>80.9</ele>
    <time>2026-10-03T14:50:09Z</time>
   </trkpt>
   <trkpt lat="50.8801350" lon="4.2472980">
    <ele>80.9</ele>
    <time>2026-10-03T14:50:10Z</time>
   </trkpt>
   <trkpt lat="50.8801310" lon="4.2472730">
    <ele>80.9</ele>
    <time>2026-10-03T14:50:11Z</time>
   </trkpt>
   <trkpt lat="50.8801340" lon="4.2472410">
    <ele>80.8</ele>
    <time>2026-10-03T14:50:12Z</time>
   </trkpt>
   <trkpt lat="50.8801410" lon="4.2472070">
    <ele>80.8</ele>
    <time>2026-10-03T14:50:13Z</time>
   </trkpt>
   <trkpt lat="50.8801390" lon="4.2471900">
    <ele>80.8</ele>
    <time>2026-10-03T14:50:14Z</time>
   </trkpt>
   <trkpt lat="50.8801350" lon="4.2471520">
    <ele>80.8</ele>
    <time>2026-10-03T14:50:15Z</time>
   </trkpt>
   <trkpt lat="50.8801370" lon="4.2471290">
    <ele>80.7</ele>
    <time>2026-10-03T14:50:16Z</time>
   </trkpt>
   <trkpt lat="50.8801410" lon="4.2471210">
    <ele>80.7</ele>
    <time>2026-10-03T14:50:17Z</time>
   </trkpt>
   <trkpt lat="50.8801420" lon="4.2471030">
    <ele>80.7</ele>
    <time>2026-10-03T14:50:18Z</time>
   </trkpt>
   <trkpt lat="50.8801430" lon="4.2470670">
    <ele>80.7</ele>
    <time>2026-10-03T14:50:19Z</time>
   </trkpt>
   <trkpt lat="50.8801400" lon="4.2470240">
    <ele>80.6</ele>
    <time>2026-10-03T14:50:20Z</time>
   </trkpt>
   <trkpt lat="50.8801380" lon="4.2470170">
    <ele>80.6</ele>
    <time>2026-10-03T14:50:21Z</time>
   </trkpt>
   <trkpt lat="50.8801410" lon="4.2470070">
    <ele>80.6</ele>
    <time>2026-10-03T14:50:22Z</time>
   </trkpt>
   <trkpt lat="50.8801380" lon="4.2469830">
    <ele>80.6</ele>
    <time>2026-10-03T14:50:23Z</time>
   </trkpt>
   <trkpt lat="50.8801420" lon="4.2469620">
    <ele>80.6</ele>
    <time>2026-10-03T14:50:24Z</time>
   </trkpt>
   <trkpt lat="50.8801440" lon="4.2469280">
    <ele>80.6</ele>
    <time>2026-10-03T14:50:25Z</time>
   </trkpt>
   <trkpt lat="50.8801440" lon="4.2469050">
    <ele>80.5</ele>
    <time>2026-10-03T14:50:26Z</time>
   </trkpt>
   <trkpt lat="50.8801420" lon="4.2468620">
    <ele>80.5</ele>
    <time>2026-10-03T14:50:27Z</time>
   </trkpt>
   <trkpt lat="50.8801470" lon="4.2468270">
    <ele>80.5</ele>
    <time>2026-10-03T14:50:28Z</time>
   </trkpt>
   <trkpt lat="50.8801530" lon="4.2467940">
    <ele>80.4</ele>
    <time>2026-10-03T14:50:29Z</time>
   </trkpt>
   <trkpt lat="50.8801580" lon="4.2467580">
    <ele>80.4</ele>
    <time>2026-10-03T14:50:30Z</time>
   </trkpt>
   <trkpt lat="50.8801580" lon="4.2467260">
    <ele>80.4</ele>
    <time>2026-10-03T14:50:31Z</time>
   </trkpt>
   <trkpt lat="50.8801610" lon="4.2466900">
    <ele>80.3</ele>
    <time>2026-10-03T14:50:32Z</time>
   </trkpt>
   <trkpt lat="50.8801660" lon="4.2466530">
    <ele>80.3</ele>
    <time>2026-10-03T14:50:33Z</time>
   </trkpt>
   <trkpt lat="50.8801690" lon="4.2466220">
    <ele>80.3</ele>
    <time>2026-10-03T14:50:34Z</time>
   </trkpt>
   <trkpt lat="50.8801700" lon="4.2465890">
    <ele>80.2</ele>
    <time>2026-10-03T14:50:35Z</time>
   </trkpt>
   <trkpt lat="50.8801720" lon="4.2465320">
    <ele>80.2</ele>
    <time>2026-10-03T14:50:36Z</time>
   </trkpt>
   <trkpt lat="50.8801720" lon="4.2464910">
    <ele>80.2</ele>
    <time>2026-10-03T14:50:37Z</time>
   </trkpt>
   <trkpt lat="50.8801750" lon="4.2464470">
    <ele>80.1</ele>
    <time>2026-10-03T14:50:38Z</time>
   </trkpt>
   <trkpt lat="50.8801830" lon="4.2464170">
    <ele>80.1</ele>
    <time>2026-10-03T14:50:39Z</time>
   </trkpt>
   <trkpt lat="50.8801900" lon="4.2463780">
    <ele>79.9</ele>
    <time>2026-10-03T14:50:40Z</time>
   </trkpt>
   <trkpt lat="50.8801970" lon="4.2463300">
    <ele>79.8</ele>
    <time>2026-10-03T14:50:41Z</time>
   </trkpt>
   <trkpt lat="50.8801950" lon="4.2462930">
    <ele>79.6</ele>
    <time>2026-10-03T14:50:42Z</time>
   </trkpt>
   <trkpt lat="50.8802000" lon="4.2462370">
    <ele>79.6</ele>
    <time>2026-10-03T14:50:43Z</time>
   </trkpt>
   <trkpt lat="50.8801990" lon="4.2461920">
    <ele>79.6</ele>
    <time>2026-10-03T14:50:44Z</time>
   </trkpt>
   <trkpt lat="50.8801980" lon="4.2461680">
    <ele>79.6</ele>
    <time>2026-10-03T14:50:45Z</time>
   </trkpt>
   <trkpt lat="50.8801920" lon="4.2461470">
    <ele>79.6</ele>
    <time>2026-10-03T14:50:46Z</time>
   </trkpt>
   <trkpt lat="50.8801830" lon="4.2461280">
    <ele>79.6</ele>
    <time>2026-10-03T14:50:47Z</time>
   </trkpt>
   <trkpt lat="50.8801740" lon="4.2461130">
    <ele>79.6</ele>
    <time>2026-10-03T14:50:48Z</time>
   </trkpt>
   <trkpt lat="50.8801580" lon="4.2460940">
    <ele>79.6</ele>
    <time>2026-10-03T14:50:49Z</time>
   </trkpt>
   <trkpt lat="50.8801420" lon="4.2460790">
    <ele>79.6</ele>
    <time>2026-10-03T14:50:50Z</time>
   </trkpt>
   <trkpt lat="50.8801320" lon="4.2460760">
    <ele>79.6</ele>
    <time>2026-10-03T14:50:51Z</time>
   </trkpt>
   <trkpt lat="50.8801200" lon="4.2460630">
    <ele>79.6</ele>
    <time>2026-10-03T14:50:52Z</time>
   </trkpt>
   <trkpt lat="50.8801070" lon="4.2460490">
    <ele>79.6</ele>
    <time>2026-10-03T14:50:53Z</time>
   </trkpt>
   <trkpt lat="50.8800930" lon="4.2460300">
    <ele>79.6</ele>
    <time>2026-10-03T14:50:54Z</time>
   </trkpt>
   <trkpt lat="50.8800780" lon="4.2460050">
    <ele>79.6</ele>
    <time>2026-10-03T14:50:55Z</time>
   </trkpt>
   <trkpt lat="50.8800650" lon="4.2459880">
    <ele>79.6</ele>
    <time>2026-10-03T14:50:56Z</time>
   </trkpt>
   <trkpt lat="50.8800440" lon="4.2459750">
    <ele>79.7</ele>
    <time>2026-10-03T14:50:58Z</time>
   </trkpt>
   <trkpt lat="50.8800260" lon="4.2459550">
    <ele>79.7</ele>
    <time>2026-10-03T14:50:59Z</time>
   </trkpt>
   <trkpt lat="50.8800180" lon="4.2459420">
    <ele>79.7</ele>
    <time>2026-10-03T14:51:00Z</time>
   </trkpt>
   <trkpt lat="50.8799970" lon="4.2459050">
    <ele>79.7</ele>
    <time>2026-10-03T14:51:01Z</time>
   </trkpt>
   <trkpt lat="50.8799870" lon="4.2458740">
    <ele>79.7</ele>
    <time>2026-10-03T14:51:02Z</time>
   </trkpt>
   <trkpt lat="50.8799780" lon="4.2458490">
    <ele>79.7</ele>
    <time>2026-10-03T14:51:03Z</time>
   </trkpt>
   <trkpt lat="50.8799730" lon="4.2458220">
    <ele>79.7</ele>
    <time>2026-10-03T14:51:04Z</time>
   </trkpt>
   <trkpt lat="50.8799580" lon="4.2457860">
    <ele>79.8</ele>
    <time>2026-10-03T14:51:05Z</time>
   </trkpt>
   <trkpt lat="50.8799470" lon="4.2457590">
    <ele>79.8</ele>
    <time>2026-10-03T14:51:06Z</time>
   </trkpt>
   <trkpt lat="50.8799380" lon="4.2457520">
    <ele>79.8</ele>
    <time>2026-10-03T14:51:07Z</time>
   </trkpt>
   <trkpt lat="50.8799290" lon="4.2457360">
    <ele>79.8</ele>
    <time>2026-10-03T14:51:08Z</time>
   </trkpt>
   <trkpt lat="50.8799200" lon="4.2457130">
    <ele>79.9</ele>
    <time>2026-10-03T14:51:09Z</time>
   </trkpt>
   <trkpt lat="50.8799060" lon="4.2456920">
    <ele>79.9</ele>
    <time>2026-10-03T14:51:10Z</time>
   </trkpt>
   <trkpt lat="50.8799010" lon="4.2456760">
    <ele>79.9</ele>
    <time>2026-10-03T14:51:11Z</time>
   </trkpt>
   <trkpt lat="50.8798870" lon="4.2456610">
    <ele>79.9</ele>
    <time>2026-10-03T14:51:12Z</time>
   </trkpt>
   <trkpt lat="50.8798710" lon="4.2456240">
    <ele>80.0</ele>
    <time>2026-10-03T14:51:13Z</time>
   </trkpt>
   <trkpt lat="50.8798590" lon="4.2456180">
    <ele>80.0</ele>
    <time>2026-10-03T14:51:14Z</time>
   </trkpt>
   <trkpt lat="50.8798480" lon="4.2455960">
    <ele>80.0</ele>
    <time>2026-10-03T14:51:15Z</time>
   </trkpt>
   <trkpt lat="50.8798410" lon="4.2455720">
    <ele>80.0</ele>
    <time>2026-10-03T14:51:16Z</time>
   </trkpt>
   <trkpt lat="50.8798290" lon="4.2455570">
    <ele>80.0</ele>
    <time>2026-10-03T14:51:17Z</time>
   </trkpt>
   <trkpt lat="50.8798140" lon="4.2455320">
    <ele>80.1</ele>
    <time>2026-10-03T14:51:18Z</time>
   </trkpt>
   <trkpt lat="50.8798040" lon="4.2455090">
    <ele>80.1</ele>
    <time>2026-10-03T14:51:19Z</time>
   </trkpt>
   <trkpt lat="50.8797910" lon="4.2454920">
    <ele>80.1</ele>
    <time>2026-10-03T14:51:20Z</time>
   </trkpt>
   <trkpt lat="50.8797800" lon="4.2454760">
    <ele>80.1</ele>
    <time>2026-10-03T14:51:21Z</time>
   </trkpt>
   <trkpt lat="50.8797690" lon="4.2454590">
    <ele>80.1</ele>
    <time>2026-10-03T14:51:22Z</time>
   </trkpt>
   <trkpt lat="50.8797550" lon="4.2454390">
    <ele>80.2</ele>
    <time>2026-10-03T14:51:23Z</time>
   </trkpt>
   <trkpt lat="50.8797370" lon="4.2454210">
    <ele>80.2</ele>
    <time>2026-10-03T14:51:24Z</time>
   </trkpt>
   <trkpt lat="50.8797240" lon="4.2454020">
    <ele>80.2</ele>
    <time>2026-10-03T14:51:25Z</time>
   </trkpt>
   <trkpt lat="50.8797110" lon="4.2453710">
    <ele>80.3</ele>
    <time>2026-10-03T14:51:26Z</time>
   </trkpt>
   <trkpt lat="50.8797050" lon="4.2453560">
    <ele>80.3</ele>
    <time>2026-10-03T14:51:27Z</time>
   </trkpt>
   <trkpt lat="50.8796920" lon="4.2453370">
    <ele>80.3</ele>
    <time>2026-10-03T14:51:28Z</time>
   </trkpt>
   <trkpt lat="50.8796760" lon="4.2453130">
    <ele>80.4</ele>
    <time>2026-10-03T14:51:29Z</time>
   </trkpt>
   <trkpt lat="50.8796480" lon="4.2452530">
    <ele>80.4</ele>
    <time>2026-10-03T14:51:30Z</time>
   </trkpt>
   <trkpt lat="50.8796340" lon="4.2452410">
    <ele>80.5</ele>
    <time>2026-10-03T14:51:31Z</time>
   </trkpt>
   <trkpt lat="50.8796200" lon="4.2452110">
    <ele>80.5</ele>
    <time>2026-10-03T14:51:32Z</time>
   </trkpt>
   <trkpt lat="50.8796050" lon="4.2452000">
    <ele>80.5</ele>
    <time>2026-10-03T14:51:33Z</time>
   </trkpt>
   <trkpt lat="50.8795900" lon="4.2451810">
    <ele>80.5</ele>
    <time>2026-10-03T14:51:34Z</time>
   </trkpt>
   <trkpt lat="50.8795720" lon="4.2451690">
    <ele>80.6</ele>
    <time>2026-10-03T14:51:35Z</time>
   </trkpt>
   <trkpt lat="50.8795560" lon="4.2451430">
    <ele>80.6</ele>
    <time>2026-10-03T14:51:36Z</time>
   </trkpt>
   <trkpt lat="50.8795370" lon="4.2451170">
    <ele>80.7</ele>
    <time>2026-10-03T14:51:37Z</time>
   </trkpt>
   <trkpt lat="50.8795180" lon="4.2451010">
    <ele>80.7</ele>
    <time>2026-10-03T14:51:38Z</time>
   </trkpt>
   <trkpt lat="50.8795030" lon="4.2450830">
    <ele>80.7</ele>
    <time>2026-10-03T14:51:39Z</time>
   </trkpt>
   <trkpt lat="50.8794860" lon="4.2450720">
    <ele>80.8</ele>
    <time>2026-10-03T14:51:40Z</time>
   </trkpt>
   <trkpt lat="50.8794630" lon="4.2450420">
    <ele>80.8</ele>
    <time>2026-10-03T14:51:41Z</time>
   </trkpt>
   <trkpt lat="50.8794510" lon="4.2450250">
    <ele>80.8</ele>
    <time>2026-10-03T14:51:42Z</time>
   </trkpt>
   <trkpt lat="50.8794380" lon="4.2450070">
    <ele>80.8</ele>
    <time>2026-10-03T14:51:43Z</time>
   </trkpt>
   <trkpt lat="50.8794230" lon="4.2449830">
    <ele>80.8</ele>
    <time>2026-10-03T14:51:44Z</time>
   </trkpt>
   <trkpt lat="50.8794100" lon="4.2449570">
    <ele>80.9</ele>
    <time>2026-10-03T14:51:45Z</time>
   </trkpt>
   <trkpt lat="50.8793940" lon="4.2449410">
    <ele>80.9</ele>
    <time>2026-10-03T14:51:46Z</time>
   </trkpt>
   <trkpt lat="50.8793790" lon="4.2449200">
    <ele>80.9</ele>
    <time>2026-10-03T14:51:47Z</time>
   </trkpt>
   <trkpt lat="50.8793630" lon="4.2449050">
    <ele>80.9</ele>
    <time>2026-10-03T14:51:48Z</time>
   </trkpt>
   <trkpt lat="50.8793470" lon="4.2448830">
    <ele>80.9</ele>
    <time>2026-10-03T14:51:49Z</time>
   </trkpt>
   <trkpt lat="50.8793290" lon="4.2448610">
    <ele>80.9</ele>
    <time>2026-10-03T14:51:50Z</time>
   </trkpt>
   <trkpt lat="50.8793130" lon="4.2448460">
    <ele>80.9</ele>
    <time>2026-10-03T14:51:51Z</time>
   </trkpt>
   <trkpt lat="50.8792950" lon="4.2448190">
    <ele>80.9</ele>
    <time>2026-10-03T14:51:52Z</time>
   </trkpt>
   <trkpt lat="50.8792830" lon="4.2448020">
    <ele>81.0</ele>
    <time>2026-10-03T14:51:53Z</time>
   </trkpt>
   <trkpt lat="50.8792710" lon="4.2447920">
    <ele>81.0</ele>
    <time>2026-10-03T14:51:54Z</time>
   </trkpt>
   <trkpt lat="50.8792540" lon="4.2447820">
    <ele>81.0</ele>
    <time>2026-10-03T14:51:55Z</time>
   </trkpt>
   <trkpt lat="50.8792410" lon="4.2447710">
    <ele>81.0</ele>
    <time>2026-10-03T14:51:56Z</time>
   </trkpt>
   <trkpt lat="50.8792240" lon="4.2447580">
    <ele>81.0</ele>
    <time>2026-10-03T14:51:57Z</time>
   </trkpt>
   <trkpt lat="50.8792090" lon="4.2447400">
    <ele>81.0</ele>
    <time>2026-10-03T14:51:58Z</time>
   </trkpt>
   <trkpt lat="50.8791970" lon="4.2447210">
    <ele>81.0</ele>
    <time>2026-10-03T14:51:59Z</time>
   </trkpt>
   <trkpt lat="50.8791810" lon="4.2446990">
    <ele>81.1</ele>
    <time>2026-10-03T14:52:00Z</time>
   </trkpt>
   <trkpt lat="50.8791680" lon="4.2446820">
    <ele>81.1</ele>
    <time>2026-10-03T14:52:01Z</time>
   </trkpt>
   <trkpt lat="50.8791500" lon="4.2446590">
    <ele>81.1</ele>
    <time>2026-10-03T14:52:02Z</time>
   </trkpt>
   <trkpt lat="50.8791380" lon="4.2446440">
    <ele>81.1</ele>
    <time>2026-10-03T14:52:03Z</time>
   </trkpt>
   <trkpt lat="50.8791240" lon="4.2446330">
    <ele>81.1</ele>
    <time>2026-10-03T14:52:04Z</time>
   </trkpt>
   <trkpt lat="50.8791100" lon="4.2446200">
    <ele>81.1</ele>
    <time>2026-10-03T14:52:05Z</time>
   </trkpt>
   <trkpt lat="50.8790910" lon="4.2445940">
    <ele>81.2</ele>
    <time>2026-10-03T14:52:06Z</time>
   </trkpt>
   <trkpt lat="50.8790820" lon="4.2445780">
    <ele>81.2</ele>
    <time>2026-10-03T14:52:07Z</time>
   </trkpt>
   <trkpt lat="50.8790610" lon="4.2445610">
    <ele>81.2</ele>
    <time>2026-10-03T14:52:08Z</time>
   </trkpt>
   <trkpt lat="50.8790520" lon="4.2445460">
    <ele>81.2</ele>
    <time>2026-10-03T14:52:09Z</time>
   </trkpt>
   <trkpt lat="50.8790420" lon="4.2445280">
    <ele>81.2</ele>
    <time>2026-10-03T14:52:10Z</time>
   </trkpt>
   <trkpt lat="50.8790280" lon="4.2445120">
    <ele>81.2</ele>
    <time>2026-10-03T14:52:11Z</time>
   </trkpt>
   <trkpt lat="50.8790170" lon="4.2445010">
    <ele>81.2</ele>
    <time>2026-10-03T14:52:12Z</time>
   </trkpt>
   <trkpt lat="50.8790060" lon="4.2444770">
    <ele>81.2</ele>
    <time>2026-10-03T14:52:13Z</time>
   </trkpt>
   <trkpt lat="50.8789960" lon="4.2444530">
    <ele>81.2</ele>
    <time>2026-10-03T14:52:14Z</time>
   </trkpt>
   <trkpt lat="50.8789820" lon="4.2444340">
    <ele>81.2</ele>
    <time>2026-10-03T14:52:15Z</time>
   </trkpt>
   <trkpt lat="50.8789720" lon="4.2444190">
    <ele>81.2</ele>
    <time>2026-10-03T14:52:16Z</time>
   </trkpt>
   <trkpt lat="50.8789590" lon="4.2443990">
    <ele>81.2</ele>
    <time>2026-10-03T14:52:17Z</time>
   </trkpt>
   <trkpt lat="50.8789460" lon="4.2443780">
    <ele>81.2</ele>
    <time>2026-10-03T14:52:18Z</time>
   </trkpt>
   <trkpt lat="50.8789340" lon="4.2443580">
    <ele>81.2</ele>
    <time>2026-10-03T14:52:19Z</time>
   </trkpt>
   <trkpt lat="50.8789250" lon="4.2443430">
    <ele>81.2</ele>
    <time>2026-10-03T14:52:20Z</time>
   </trkpt>
   <trkpt lat="50.8789240" lon="4.2443200">
    <ele>81.2</ele>
    <time>2026-10-03T14:52:21Z</time>
   </trkpt>
   <trkpt lat="50.8789100" lon="4.2442900">
    <ele>81.2</ele>
    <time>2026-10-03T14:52:22Z</time>
   </trkpt>
   <trkpt lat="50.8788960" lon="4.2442610">
    <ele>81.1</ele>
    <time>2026-10-03T14:52:23Z</time>
   </trkpt>
   <trkpt lat="50.8788840" lon="4.2442320">
    <ele>81.1</ele>
    <time>2026-10-03T14:52:24Z</time>
   </trkpt>
   <trkpt lat="50.8788710" lon="4.2441990">
    <ele>81.1</ele>
    <time>2026-10-03T14:52:25Z</time>
   </trkpt>
   <trkpt lat="50.8788610" lon="4.2441770">
    <ele>81.1</ele>
    <time>2026-10-03T14:52:26Z</time>
   </trkpt>
   <trkpt lat="50.8788510" lon="4.2441520">
    <ele>81.1</ele>
    <time>2026-10-03T14:52:27Z</time>
   </trkpt>
   <trkpt lat="50.8788400" lon="4.2441270">
    <ele>81.0</ele>
    <time>2026-10-03T14:52:28Z</time>
   </trkpt>
   <trkpt lat="50.8788300" lon="4.2441090">
    <ele>81.0</ele>
    <time>2026-10-03T14:52:29Z</time>
   </trkpt>
   <trkpt lat="50.8788150" lon="4.2440800">
    <ele>81.0</ele>
    <time>2026-10-03T14:52:30Z</time>
   </trkpt>
   <trkpt lat="50.8788040" lon="4.2440550">
    <ele>81.0</ele>
    <time>2026-10-03T14:52:31Z</time>
   </trkpt>
   <trkpt lat="50.8787900" lon="4.2440350">
    <ele>81.0</ele>
    <time>2026-10-03T14:52:32Z</time>
   </trkpt>
   <trkpt lat="50.8787750" lon="4.2440080">
    <ele>80.9</ele>
    <time>2026-10-03T14:52:33Z</time>
   </trkpt>
   <trkpt lat="50.8787650" lon="4.2439860">
    <ele>80.9</ele>
    <time>2026-10-03T14:52:34Z</time>
   </trkpt>
   <trkpt lat="50.8787510" lon="4.2439710">
    <ele>80.9</ele>
    <time>2026-10-03T14:52:35Z</time>
   </trkpt>
   <trkpt lat="50.8787390" lon="4.2439580">
    <ele>80.9</ele>
    <time>2026-10-03T14:52:36Z</time>
   </trkpt>
   <trkpt lat="50.8787270" lon="4.2439370">
    <ele>80.8</ele>
    <time>2026-10-03T14:52:37Z</time>
   </trkpt>
   <trkpt lat="50.8787140" lon="4.2439180">
    <ele>80.8</ele>
    <time>2026-10-03T14:52:38Z</time>
   </trkpt>
   <trkpt lat="50.8787020" lon="4.2438910">
    <ele>80.8</ele>
    <time>2026-10-03T14:52:39Z</time>
   </trkpt>
   <trkpt lat="50.8786920" lon="4.2438690">
    <ele>80.7</ele>
    <time>2026-10-03T14:52:40Z</time>
   </trkpt>
   <trkpt lat="50.8786790" lon="4.2438460">
    <ele>80.7</ele>
    <time>2026-10-03T14:52:41Z</time>
   </trkpt>
   <trkpt lat="50.8786630" lon="4.2438190">
    <ele>80.7</ele>
    <time>2026-10-03T14:52:42Z</time>
   </trkpt>
   <trkpt lat="50.8786530" lon="4.2437900">
    <ele>80.6</ele>
    <time>2026-10-03T14:52:43Z</time>
   </trkpt>
   <trkpt lat="50.8786440" lon="4.2437620">
    <ele>80.6</ele>
    <time>2026-10-03T14:52:44Z</time>
   </trkpt>
   <trkpt lat="50.8786340" lon="4.2437350">
    <ele>80.6</ele>
    <time>2026-10-03T14:52:45Z</time>
   </trkpt>
   <trkpt lat="50.8786210" lon="4.2437140">
    <ele>80.6</ele>
    <time>2026-10-03T14:52:46Z</time>
   </trkpt>
   <trkpt lat="50.8786100" lon="4.2436910">
    <ele>80.6</ele>
    <time>2026-10-03T14:52:47Z</time>
   </trkpt>
   <trkpt lat="50.8786010" lon="4.2436610">
    <ele>80.5</ele>
    <time>2026-10-03T14:52:48Z</time>
   </trkpt>
   <trkpt lat="50.8785900" lon="4.2436360">
    <ele>80.5</ele>
    <time>2026-10-03T14:52:49Z</time>
   </trkpt>
   <trkpt lat="50.8785850" lon="4.2436100">
    <ele>80.5</ele>
    <time>2026-10-03T14:52:50Z</time>
   </trkpt>
   <trkpt lat="50.8785850" lon="4.2435750">
    <ele>80.5</ele>
    <time>2026-10-03T14:52:51Z</time>
   </trkpt>
   <trkpt lat="50.8785810" lon="4.2435350">
    <ele>80.5</ele>
    <time>2026-10-03T14:52:52Z</time>
   </trkpt>
   <trkpt lat="50.8785710" lon="4.2435050">
    <ele>80.5</ele>
    <time>2026-10-03T14:52:53Z</time>
   </trkpt>
   <trkpt lat="50.8785600" lon="4.2434840">
    <ele>80.5</ele>
    <time>2026-10-03T14:52:54Z</time>
   </trkpt>
   <trkpt lat="50.8785450" lon="4.2434610">
    <ele>80.4</ele>
    <time>2026-10-03T14:52:55Z</time>
   </trkpt>
   <trkpt lat="50.8785330" lon="4.2434410">
    <ele>80.4</ele>
    <time>2026-10-03T14:52:56Z</time>
   </trkpt>
   <trkpt lat="50.8785200" lon="4.2434150">
    <ele>80.4</ele>
    <time>2026-10-03T14:52:57Z</time>
   </trkpt>
   <trkpt lat="50.8785080" lon="4.2433930">
    <ele>80.4</ele>
    <time>2026-10-03T14:52:58Z</time>
   </trkpt>
   <trkpt lat="50.8784940" lon="4.2433800">
    <ele>80.4</ele>
    <time>2026-10-03T14:52:59Z</time>
   </trkpt>
   <trkpt lat="50.8784830" lon="4.2433550">
    <ele>80.4</ele>
    <time>2026-10-03T14:53:00Z</time>
   </trkpt>
   <trkpt lat="50.8784720" lon="4.2433300">
    <ele>80.4</ele>
    <time>2026-10-03T14:53:01Z</time>
   </trkpt>
   <trkpt lat="50.8784650" lon="4.2433070">
    <ele>80.4</ele>
    <time>2026-10-03T14:53:02Z</time>
   </trkpt>
   <trkpt lat="50.8784520" lon="4.2432830">
    <ele>80.3</ele>
    <time>2026-10-03T14:53:04Z</time>
   </trkpt>
   <trkpt lat="50.8784380" lon="4.2432680">
    <ele>80.3</ele>
    <time>2026-10-03T14:53:05Z</time>
   </trkpt>
   <trkpt lat="50.8784280" lon="4.2432480">
    <ele>80.3</ele>
    <time>2026-10-03T14:53:06Z</time>
   </trkpt>
   <trkpt lat="50.8784170" lon="4.2432250">
    <ele>80.3</ele>
    <time>2026-10-03T14:53:07Z</time>
   </trkpt>
   <trkpt lat="50.8784040" lon="4.2432010">
    <ele>80.3</ele>
    <time>2026-10-03T14:53:08Z</time>
   </trkpt>
   <trkpt lat="50.8783930" lon="4.2431750">
    <ele>80.3</ele>
    <time>2026-10-03T14:53:09Z</time>
   </trkpt>
   <trkpt lat="50.8783790" lon="4.2431590">
    <ele>80.3</ele>
    <time>2026-10-03T14:53:10Z</time>
   </trkpt>
   <trkpt lat="50.8783660" lon="4.2431420">
    <ele>80.3</ele>
    <time>2026-10-03T14:53:11Z</time>
   </trkpt>
   <trkpt lat="50.8783590" lon="4.2431190">
    <ele>80.3</ele>
    <time>2026-10-03T14:53:12Z</time>
   </trkpt>
   <trkpt lat="50.8783460" lon="4.2430900">
    <ele>80.3</ele>
    <time>2026-10-03T14:53:13Z</time>
   </trkpt>
   <trkpt lat="50.8783330" lon="4.2430640">
    <ele>80.2</ele>
    <time>2026-10-03T14:53:14Z</time>
   </trkpt>
   <trkpt lat="50.8783230" lon="4.2430360">
    <ele>80.2</ele>
    <time>2026-10-03T14:53:15Z</time>
   </trkpt>
   <trkpt lat="50.8783120" lon="4.2430140">
    <ele>80.1</ele>
    <time>2026-10-03T14:53:16Z</time>
   </trkpt>
   <trkpt lat="50.8783010" lon="4.2429920">
    <ele>80.1</ele>
    <time>2026-10-03T14:53:17Z</time>
   </trkpt>
   <trkpt lat="50.8782880" lon="4.2429720">
    <ele>80.0</ele>
    <time>2026-10-03T14:53:18Z</time>
   </trkpt>
   <trkpt lat="50.8782760" lon="4.2429470">
    <ele>80.0</ele>
    <time>2026-10-03T14:53:19Z</time>
   </trkpt>
   <trkpt lat="50.8782640" lon="4.2429180">
    <ele>79.9</ele>
    <time>2026-10-03T14:53:20Z</time>
   </trkpt>
   <trkpt lat="50.8782510" lon="4.2428950">
    <ele>79.8</ele>
    <time>2026-10-03T14:53:21Z</time>
   </trkpt>
   <trkpt lat="50.8782400" lon="4.2428690">
    <ele>79.8</ele>
    <time>2026-10-03T14:53:22Z</time>
   </trkpt>
   <trkpt lat="50.8782260" lon="4.2428500">
    <ele>79.7</ele>
    <time>2026-10-03T14:53:23Z</time>
   </trkpt>
   <trkpt lat="50.8782170" lon="4.2428290">
    <ele>79.7</ele>
    <time>2026-10-03T14:53:24Z</time>
   </trkpt>
   <trkpt lat="50.8782040" lon="4.2428010">
    <ele>79.6</ele>
    <time>2026-10-03T14:53:25Z</time>
   </trkpt>
   <trkpt lat="50.8781890" lon="4.2427760">
    <ele>79.6</ele>
    <time>2026-10-03T14:53:26Z</time>
   </trkpt>
   <trkpt lat="50.8781680" lon="4.2427270">
    <ele>79.5</ele>
    <time>2026-10-03T14:53:27Z</time>
   </trkpt>
   <trkpt lat="50.8781570" lon="4.2427000">
    <ele>79.4</ele>
    <time>2026-10-03T14:53:28Z</time>
   </trkpt>
   <trkpt lat="50.8781430" lon="4.2426790">
    <ele>79.4</ele>
    <time>2026-10-03T14:53:29Z</time>
   </trkpt>
   <trkpt lat="50.8781310" lon="4.2426570">
    <ele>79.3</ele>
    <time>2026-10-03T14:53:30Z</time>
   </trkpt>
   <trkpt lat="50.8781200" lon="4.2426330">
    <ele>79.3</ele>
    <time>2026-10-03T14:53:31Z</time>
   </trkpt>
   <trkpt lat="50.8781120" lon="4.2426130">
    <ele>79.2</ele>
    <time>2026-10-03T14:53:32Z</time>
   </trkpt>
   <trkpt lat="50.8781000" lon="4.2425910">
    <ele>79.2</ele>
    <time>2026-10-03T14:53:33Z</time>
   </trkpt>
   <trkpt lat="50.8780890" lon="4.2425740">
    <ele>79.1</ele>
    <time>2026-10-03T14:53:34Z</time>
   </trkpt>
   <trkpt lat="50.8780750" lon="4.2425500">
    <ele>79.1</ele>
    <time>2026-10-03T14:53:35Z</time>
   </trkpt>
   <trkpt lat="50.8780630" lon="4.2425290">
    <ele>79.0</ele>
    <time>2026-10-03T14:53:36Z</time>
   </trkpt>
   <trkpt lat="50.8780530" lon="4.2425000">
    <ele>79.0</ele>
    <time>2026-10-03T14:53:37Z</time>
   </trkpt>
   <trkpt lat="50.8780410" lon="4.2424710">
    <ele>78.9</ele>
    <time>2026-10-03T14:53:38Z</time>
   </trkpt>
   <trkpt lat="50.8780290" lon="4.2424500">
    <ele>78.9</ele>
    <time>2026-10-03T14:53:39Z</time>
   </trkpt>
   <trkpt lat="50.8780150" lon="4.2424290">
    <ele>78.8</ele>
    <time>2026-10-03T14:53:40Z</time>
   </trkpt>
   <trkpt lat="50.8780030" lon="4.2424040">
    <ele>78.8</ele>
    <time>2026-10-03T14:53:41Z</time>
   </trkpt>
   <trkpt lat="50.8779930" lon="4.2423810">
    <ele>78.7</ele>
    <time>2026-10-03T14:53:42Z</time>
   </trkpt>
   <trkpt lat="50.8779790" lon="4.2423560">
    <ele>78.7</ele>
    <time>2026-10-03T14:53:43Z</time>
   </trkpt>
   <trkpt lat="50.8779650" lon="4.2423360">
    <ele>78.6</ele>
    <time>2026-10-03T14:53:44Z</time>
   </trkpt>
   <trkpt lat="50.8779510" lon="4.2423060">
    <ele>78.6</ele>
    <time>2026-10-03T14:53:45Z</time>
   </trkpt>
   <trkpt lat="50.8779410" lon="4.2422840">
    <ele>78.5</ele>
    <time>2026-10-03T14:53:46Z</time>
   </trkpt>
   <trkpt lat="50.8779260" lon="4.2422640">
    <ele>78.4</ele>
    <time>2026-10-03T14:53:47Z</time>
   </trkpt>
   <trkpt lat="50.8779130" lon="4.2422420">
    <ele>78.4</ele>
    <time>2026-10-03T14:53:48Z</time>
   </trkpt>
   <trkpt lat="50.8779010" lon="4.2422160">
    <ele>78.3</ele>
    <time>2026-10-03T14:53:49Z</time>
   </trkpt>
   <trkpt lat="50.8778900" lon="4.2421910">
    <ele>78.3</ele>
    <time>2026-10-03T14:53:50Z</time>
   </trkpt>
   <trkpt lat="50.8778780" lon="4.2421650">
    <ele>78.2</ele>
    <time>2026-10-03T14:53:51Z</time>
   </trkpt>
   <trkpt lat="50.8778650" lon="4.2421400">
    <ele>78.1</ele>
    <time>2026-10-03T14:53:52Z</time>
   </trkpt>
   <trkpt lat="50.8778530" lon="4.2421250">
    <ele>78.1</ele>
    <time>2026-10-03T14:53:53Z</time>
   </trkpt>
   <trkpt lat="50.8778420" lon="4.2421060">
    <ele>78.0</ele>
    <time>2026-10-03T14:53:54Z</time>
   </trkpt>
   <trkpt lat="50.8778310" lon="4.2420820">
    <ele>78.0</ele>
    <time>2026-10-03T14:53:55Z</time>
   </trkpt>
   <trkpt lat="50.8778160" lon="4.2420520">
    <ele>77.9</ele>
    <time>2026-10-03T14:53:56Z</time>
   </trkpt>
   <trkpt lat="50.8778020" lon="4.2420320">
    <ele>77.9</ele>
    <time>2026-10-03T14:53:57Z</time>
   </trkpt>
   <trkpt lat="50.8777870" lon="4.2420040">
    <ele>77.8</ele>
    <time>2026-10-03T14:53:58Z</time>
   </trkpt>
   <trkpt lat="50.8777760" lon="4.2419790">
    <ele>77.7</ele>
    <time>2026-10-03T14:53:59Z</time>
   </trkpt>
   <trkpt lat="50.8777620" lon="4.2419500">
    <ele>77.6</ele>
    <time>2026-10-03T14:54:00Z</time>
   </trkpt>
   <trkpt lat="50.8777500" lon="4.2419270">
    <ele>77.6</ele>
    <time>2026-10-03T14:54:01Z</time>
   </trkpt>
   <trkpt lat="50.8777370" lon="4.2419080">
    <ele>77.5</ele>
    <time>2026-10-03T14:54:02Z</time>
   </trkpt>
   <trkpt lat="50.8777240" lon="4.2418900">
    <ele>77.5</ele>
    <time>2026-10-03T14:54:03Z</time>
   </trkpt>
   <trkpt lat="50.8777110" lon="4.2418680">
    <ele>77.4</ele>
    <time>2026-10-03T14:54:04Z</time>
   </trkpt>
   <trkpt lat="50.8776980" lon="4.2418430">
    <ele>77.4</ele>
    <time>2026-10-03T14:54:05Z</time>
   </trkpt>
   <trkpt lat="50.8776850" lon="4.2418160">
    <ele>77.3</ele>
    <time>2026-10-03T14:54:06Z</time>
   </trkpt>
   <trkpt lat="50.8776740" lon="4.2417980">
    <ele>77.2</ele>
    <time>2026-10-03T14:54:07Z</time>
   </trkpt>
   <trkpt lat="50.8776610" lon="4.2417780">
    <ele>77.2</ele>
    <time>2026-10-03T14:54:08Z</time>
   </trkpt>
   <trkpt lat="50.8776490" lon="4.2417520">
    <ele>77.1</ele>
    <time>2026-10-03T14:54:09Z</time>
   </trkpt>
   <trkpt lat="50.8776420" lon="4.2417310">
    <ele>77.1</ele>
    <time>2026-10-03T14:54:10Z</time>
   </trkpt>
   <trkpt lat="50.8776270" lon="4.2417090">
    <ele>77.0</ele>
    <time>2026-10-03T14:54:11Z</time>
   </trkpt>
   <trkpt lat="50.8776130" lon="4.2416890">
    <ele>77.0</ele>
    <time>2026-10-03T14:54:12Z</time>
   </trkpt>
   <trkpt lat="50.8776010" lon="4.2416700">
    <ele>76.9</ele>
    <time>2026-10-03T14:54:13Z</time>
   </trkpt>
   <trkpt lat="50.8775890" lon="4.2416490">
    <ele>76.9</ele>
    <time>2026-10-03T14:54:14Z</time>
   </trkpt>
   <trkpt lat="50.8775750" lon="4.2416270">
    <ele>76.8</ele>
    <time>2026-10-03T14:54:15Z</time>
   </trkpt>
   <trkpt lat="50.8775600" lon="4.2416060">
    <ele>76.8</ele>
    <time>2026-10-03T14:54:16Z</time>
   </trkpt>
   <trkpt lat="50.8775450" lon="4.2415850">
    <ele>76.7</ele>
    <time>2026-10-03T14:54:17Z</time>
   </trkpt>
   <trkpt lat="50.8775320" lon="4.2415660">
    <ele>76.7</ele>
    <time>2026-10-03T14:54:18Z</time>
   </trkpt>
   <trkpt lat="50.8775190" lon="4.2415420">
    <ele>76.6</ele>
    <time>2026-10-03T14:54:19Z</time>
   </trkpt>
   <trkpt lat="50.8775050" lon="4.2415230">
    <ele>76.6</ele>
    <time>2026-10-03T14:54:20Z</time>
   </trkpt>
   <trkpt lat="50.8774900" lon="4.2415050">
    <ele>76.5</ele>
    <time>2026-10-03T14:54:21Z</time>
   </trkpt>
   <trkpt lat="50.8774800" lon="4.2414880">
    <ele>76.5</ele>
    <time>2026-10-03T14:54:22Z</time>
   </trkpt>
   <trkpt lat="50.8774670" lon="4.2414670">
    <ele>76.4</ele>
    <time>2026-10-03T14:54:23Z</time>
   </trkpt>
   <trkpt lat="50.8774540" lon="4.2414470">
    <ele>76.4</ele>
    <time>2026-10-03T14:54:24Z</time>
   </trkpt>
   <trkpt lat="50.8774390" lon="4.2414250">
    <ele>76.3</ele>
    <time>2026-10-03T14:54:25Z</time>
   </trkpt>
   <trkpt lat="50.8774250" lon="4.2414000">
    <ele>76.2</ele>
    <time>2026-10-03T14:54:26Z</time>
   </trkpt>
   <trkpt lat="50.8774130" lon="4.2413720">
    <ele>76.2</ele>
    <time>2026-10-03T14:54:27Z</time>
   </trkpt>
   <trkpt lat="50.8773930" lon="4.2413490">
    <ele>76.1</ele>
    <time>2026-10-03T14:54:28Z</time>
   </trkpt>
   <trkpt lat="50.8773740" lon="4.2413360">
    <ele>76.0</ele>
    <time>2026-10-03T14:54:29Z</time>
   </trkpt>
   <trkpt lat="50.8773580" lon="4.2413150">
    <ele>76.0</ele>
    <time>2026-10-03T14:54:30Z</time>
   </trkpt>
   <trkpt lat="50.8773420" lon="4.2412970">
    <ele>75.9</ele>
    <time>2026-10-03T14:54:31Z</time>
   </trkpt>
   <trkpt lat="50.8773270" lon="4.2412760">
    <ele>75.8</ele>
    <time>2026-10-03T14:54:32Z</time>
   </trkpt>
   <trkpt lat="50.8773090" lon="4.2412600">
    <ele>75.8</ele>
    <time>2026-10-03T14:54:33Z</time>
   </trkpt>
   <trkpt lat="50.8772940" lon="4.2412470">
    <ele>75.7</ele>
    <time>2026-10-03T14:54:34Z</time>
   </trkpt>
   <trkpt lat="50.8772780" lon="4.2412320">
    <ele>75.7</ele>
    <time>2026-10-03T14:54:35Z</time>
   </trkpt>
   <trkpt lat="50.8772620" lon="4.2412160">
    <ele>75.6</ele>
    <time>2026-10-03T14:54:36Z</time>
   </trkpt>
   <trkpt lat="50.8772470" lon="4.2411960">
    <ele>75.6</ele>
    <time>2026-10-03T14:54:37Z</time>
   </trkpt>
   <trkpt lat="50.8772310" lon="4.2411770">
    <ele>75.5</ele>
    <time>2026-10-03T14:54:38Z</time>
   </trkpt>
   <trkpt lat="50.8772190" lon="4.2411620">
    <ele>75.5</ele>
    <time>2026-10-03T14:54:39Z</time>
   </trkpt>
   <trkpt lat="50.8772010" lon="4.2411430">
    <ele>75.5</ele>
    <time>2026-10-03T14:54:40Z</time>
   </trkpt>
   <trkpt lat="50.8771850" lon="4.2411310">
    <ele>75.4</ele>
    <time>2026-10-03T14:54:41Z</time>
   </trkpt>
   <trkpt lat="50.8771690" lon="4.2411120">
    <ele>75.4</ele>
    <time>2026-10-03T14:54:42Z</time>
   </trkpt>
   <trkpt lat="50.8771520" lon="4.2411050">
    <ele>75.3</ele>
    <time>2026-10-03T14:54:43Z</time>
   </trkpt>
   <trkpt lat="50.8771350" lon="4.2410950">
    <ele>75.3</ele>
    <time>2026-10-03T14:54:44Z</time>
   </trkpt>
   <trkpt lat="50.8771200" lon="4.2410790">
    <ele>75.3</ele>
    <time>2026-10-03T14:54:45Z</time>
   </trkpt>
   <trkpt lat="50.8771040" lon="4.2410570">
    <ele>75.2</ele>
    <time>2026-10-03T14:54:46Z</time>
   </trkpt>
   <trkpt lat="50.8770840" lon="4.2410400">
    <ele>75.2</ele>
    <time>2026-10-03T14:54:47Z</time>
   </trkpt>
   <trkpt lat="50.8770710" lon="4.2410190">
    <ele>75.1</ele>
    <time>2026-10-03T14:54:48Z</time>
   </trkpt>
   <trkpt lat="50.8770600" lon="4.2409950">
    <ele>75.1</ele>
    <time>2026-10-03T14:54:49Z</time>
   </trkpt>
   <trkpt lat="50.8770530" lon="4.2409670">
    <ele>75.0</ele>
    <time>2026-10-03T14:54:50Z</time>
   </trkpt>
   <trkpt lat="50.8770420" lon="4.2409420">
    <ele>75.0</ele>
    <time>2026-10-03T14:54:51Z</time>
   </trkpt>
   <trkpt lat="50.8770270" lon="4.2409190">
    <ele>74.9</ele>
    <time>2026-10-03T14:54:52Z</time>
   </trkpt>
   <trkpt lat="50.8770110" lon="4.2408940">
    <ele>74.9</ele>
    <time>2026-10-03T14:54:53Z</time>
   </trkpt>
   <trkpt lat="50.8770010" lon="4.2408610">
    <ele>74.8</ele>
    <time>2026-10-03T14:54:54Z</time>
   </trkpt>
   <trkpt lat="50.8769880" lon="4.2408360">
    <ele>74.8</ele>
    <time>2026-10-03T14:54:55Z</time>
   </trkpt>
   <trkpt lat="50.8769760" lon="4.2408040">
    <ele>74.7</ele>
    <time>2026-10-03T14:54:56Z</time>
   </trkpt>
   <trkpt lat="50.8769660" lon="4.2407800">
    <ele>74.7</ele>
    <time>2026-10-03T14:54:57Z</time>
   </trkpt>
   <trkpt lat="50.8769590" lon="4.2407490">
    <ele>74.6</ele>
    <time>2026-10-03T14:54:58Z</time>
   </trkpt>
   <trkpt lat="50.8769480" lon="4.2407220">
    <ele>74.5</ele>
    <time>2026-10-03T14:54:59Z</time>
   </trkpt>
   <trkpt lat="50.8769360" lon="4.2407010">
    <ele>74.5</ele>
    <time>2026-10-03T14:55:00Z</time>
   </trkpt>
   <trkpt lat="50.8769270" lon="4.2406810">
    <ele>74.4</ele>
    <time>2026-10-03T14:55:01Z</time>
   </trkpt>
   <trkpt lat="50.8769200" lon="4.2406510">
    <ele>74.4</ele>
    <time>2026-10-03T14:55:02Z</time>
   </trkpt>
   <trkpt lat="50.8769070" lon="4.2406200">
    <ele>74.3</ele>
    <time>2026-10-03T14:55:03Z</time>
   </trkpt>
   <trkpt lat="50.8768980" lon="4.2405900">
    <ele>74.2</ele>
    <time>2026-10-03T14:55:04Z</time>
   </trkpt>
   <trkpt lat="50.8768880" lon="4.2405680">
    <ele>74.2</ele>
    <time>2026-10-03T14:55:05Z</time>
   </trkpt>
   <trkpt lat="50.8768810" lon="4.2405440">
    <ele>74.1</ele>
    <time>2026-10-03T14:55:06Z</time>
   </trkpt>
   <trkpt lat="50.8768730" lon="4.2405240">
    <ele>74.0</ele>
    <time>2026-10-03T14:55:07Z</time>
   </trkpt>
   <trkpt lat="50.8768620" lon="4.2405070">
    <ele>74.0</ele>
    <time>2026-10-03T14:55:08Z</time>
   </trkpt>
   <trkpt lat="50.8768540" lon="4.2404800">
    <ele>73.9</ele>
    <time>2026-10-03T14:55:10Z</time>
   </trkpt>
   <trkpt lat="50.8768460" lon="4.2404610">
    <ele>73.9</ele>
    <time>2026-10-03T14:55:11Z</time>
   </trkpt>
   <trkpt lat="50.8768280" lon="4.2404450">
    <ele>73.8</ele>
    <time>2026-10-03T14:55:12Z</time>
   </trkpt>
   <trkpt lat="50.8768110" lon="4.2404280">
    <ele>73.7</ele>
    <time>2026-10-03T14:55:13Z</time>
   </trkpt>
   <trkpt lat="50.8767980" lon="4.2404030">
    <ele>73.7</ele>
    <time>2026-10-03T14:55:14Z</time>
   </trkpt>
   <trkpt lat="50.8767820" lon="4.2403810">
    <ele>73.6</ele>
    <time>2026-10-03T14:55:15Z</time>
   </trkpt>
   <trkpt lat="50.8767700" lon="4.2403660">
    <ele>73.5</ele>
    <time>2026-10-03T14:55:16Z</time>
   </trkpt>
   <trkpt lat="50.8767590" lon="4.2403460">
    <ele>73.5</ele>
    <time>2026-10-03T14:55:17Z</time>
   </trkpt>
   <trkpt lat="50.8767420" lon="4.2403300">
    <ele>73.4</ele>
    <time>2026-10-03T14:55:18Z</time>
   </trkpt>
   <trkpt lat="50.8767270" lon="4.2403030">
    <ele>73.3</ele>
    <time>2026-10-03T14:55:19Z</time>
   </trkpt>
   <trkpt lat="50.8767120" lon="4.2402940">
    <ele>73.2</ele>
    <time>2026-10-03T14:55:20Z</time>
   </trkpt>
   <trkpt lat="50.8766870" lon="4.2402770">
    <ele>73.1</ele>
    <time>2026-10-03T14:55:21Z</time>
   </trkpt>
   <trkpt lat="50.8766700" lon="4.2402600">
    <ele>73.0</ele>
    <time>2026-10-03T14:55:22Z</time>
   </trkpt>
   <trkpt lat="50.8766560" lon="4.2402480">
    <ele>73.0</ele>
    <time>2026-10-03T14:55:23Z</time>
   </trkpt>
   <trkpt lat="50.8766410" lon="4.2402390">
    <ele>72.9</ele>
    <time>2026-10-03T14:55:24Z</time>
   </trkpt>
   <trkpt lat="50.8766210" lon="4.2402190">
    <ele>72.8</ele>
    <time>2026-10-03T14:55:25Z</time>
   </trkpt>
   <trkpt lat="50.8766080" lon="4.2402140">
    <ele>72.8</ele>
    <time>2026-10-03T14:55:26Z</time>
   </trkpt>
   <trkpt lat="50.8765940" lon="4.2402020">
    <ele>72.7</ele>
    <time>2026-10-03T14:55:27Z</time>
   </trkpt>
   <trkpt lat="50.8765610" lon="4.2401880">
    <ele>72.6</ele>
    <time>2026-10-03T14:55:28Z</time>
   </trkpt>
   <trkpt lat="50.8765400" lon="4.2401800">
    <ele>72.5</ele>
    <time>2026-10-03T14:55:29Z</time>
   </trkpt>
   <trkpt lat="50.8765300" lon="4.2401620">
    <ele>72.5</ele>
    <time>2026-10-03T14:55:30Z</time>
   </trkpt>
   <trkpt lat="50.8765170" lon="4.2401450">
    <ele>72.4</ele>
    <time>2026-10-03T14:55:31Z</time>
   </trkpt>
   <trkpt lat="50.8764970" lon="4.2401340">
    <ele>72.3</ele>
    <time>2026-10-03T14:55:32Z</time>
   </trkpt>
   <trkpt lat="50.8764760" lon="4.2401160">
    <ele>72.3</ele>
    <time>2026-10-03T14:55:33Z</time>
   </trkpt>
   <trkpt lat="50.8764640" lon="4.2401100">
    <ele>72.2</ele>
    <time>2026-10-03T14:55:34Z</time>
   </trkpt>
   <trkpt lat="50.8764490" lon="4.2400920">
    <ele>72.1</ele>
    <time>2026-10-03T14:55:35Z</time>
   </trkpt>
   <trkpt lat="50.8764350" lon="4.2400670">
    <ele>72.1</ele>
    <time>2026-10-03T14:55:36Z</time>
   </trkpt>
   <trkpt lat="50.8764180" lon="4.2400500">
    <ele>72.0</ele>
    <time>2026-10-03T14:55:37Z</time>
   </trkpt>
   <trkpt lat="50.8764010" lon="4.2400420">
    <ele>71.9</ele>
    <time>2026-10-03T14:55:38Z</time>
   </trkpt>
   <trkpt lat="50.8763870" lon="4.2400340">
    <ele>71.8</ele>
    <time>2026-10-03T14:55:39Z</time>
   </trkpt>
   <trkpt lat="50.8763720" lon="4.2400200">
    <ele>71.7</ele>
    <time>2026-10-03T14:55:40Z</time>
   </trkpt>
   <trkpt lat="50.8763440" lon="4.2400120">
    <ele>71.6</ele>
    <time>2026-10-03T14:55:41Z</time>
   </trkpt>
   <trkpt lat="50.8763250" lon="4.2400010">
    <ele>71.5</ele>
    <time>2026-10-03T14:55:42Z</time>
   </trkpt>
   <trkpt lat="50.8763050" lon="4.2399940">
    <ele>71.4</ele>
    <time>2026-10-03T14:55:43Z</time>
   </trkpt>
   <trkpt lat="50.8762850" lon="4.2399840">
    <ele>71.4</ele>
    <time>2026-10-03T14:55:44Z</time>
   </trkpt>
   <trkpt lat="50.8762630" lon="4.2399710">
    <ele>71.3</ele>
    <time>2026-10-03T14:55:45Z</time>
   </trkpt>
   <trkpt lat="50.8762470" lon="4.2399660">
    <ele>71.2</ele>
    <time>2026-10-03T14:55:46Z</time>
   </trkpt>
   <trkpt lat="50.8762280" lon="4.2399550">
    <ele>71.1</ele>
    <time>2026-10-03T14:55:47Z</time>
   </trkpt>
   <trkpt lat="50.8762040" lon="4.2399530">
    <ele>71.1</ele>
    <time>2026-10-03T14:55:48Z</time>
   </trkpt>
   <trkpt lat="50.8761860" lon="4.2399410">
    <ele>71.0</ele>
    <time>2026-10-03T14:55:49Z</time>
   </trkpt>
   <trkpt lat="50.8761670" lon="4.2399290">
    <ele>70.9</ele>
    <time>2026-10-03T14:55:50Z</time>
   </trkpt>
   <trkpt lat="50.8761420" lon="4.2399290">
    <ele>70.9</ele>
    <time>2026-10-03T14:55:51Z</time>
   </trkpt>
   <trkpt lat="50.8761280" lon="4.2399200">
    <ele>70.8</ele>
    <time>2026-10-03T14:55:52Z</time>
   </trkpt>
   <trkpt lat="50.8761080" lon="4.2399320">
    <ele>70.7</ele>
    <time>2026-10-03T14:55:53Z</time>
   </trkpt>
   <trkpt lat="50.8760950" lon="4.2399330">
    <ele>70.7</ele>
    <time>2026-10-03T14:55:54Z</time>
   </trkpt>
   <trkpt lat="50.8760830" lon="4.2399300">
    <ele>70.7</ele>
    <time>2026-10-03T14:55:55Z</time>
   </trkpt>
   <trkpt lat="50.8760510" lon="4.2399220">
    <ele>70.6</ele>
    <time>2026-10-03T14:55:56Z</time>
   </trkpt>
   <trkpt lat="50.8760310" lon="4.2399160">
    <ele>70.5</ele>
    <time>2026-10-03T14:55:57Z</time>
   </trkpt>
   <trkpt lat="50.8760110" lon="4.2399150">
    <ele>70.4</ele>
    <time>2026-10-03T14:55:58Z</time>
   </trkpt>
   <trkpt lat="50.8760010" lon="4.2399100">
    <ele>70.4</ele>
    <time>2026-10-03T14:55:59Z</time>
   </trkpt>
   <trkpt lat="50.8759760" lon="4.2398870">
    <ele>70.4</ele>
    <time>2026-10-03T14:56:00Z</time>
   </trkpt>
   <trkpt lat="50.8759510" lon="4.2398880">
    <ele>70.4</ele>
    <time>2026-10-03T14:56:01Z</time>
   </trkpt>
   <trkpt lat="50.8759290" lon="4.2398990">
    <ele>70.3</ele>
    <time>2026-10-03T14:56:02Z</time>
   </trkpt>
   <trkpt lat="50.8759210" lon="4.2399300">
    <ele>70.3</ele>
    <time>2026-10-03T14:56:03Z</time>
   </trkpt>
   <trkpt lat="50.8759210" lon="4.2399550">
    <ele>70.3</ele>
    <time>2026-10-03T14:56:04Z</time>
   </trkpt>
   <trkpt lat="50.8759070" lon="4.2399530">
    <ele>70.3</ele>
    <time>2026-10-03T14:56:05Z</time>
   </trkpt>
   <trkpt lat="50.8758880" lon="4.2399630">
    <ele>70.3</ele>
    <time>2026-10-03T14:56:06Z</time>
   </trkpt>
   <trkpt lat="50.8758730" lon="4.2399760">
    <ele>70.2</ele>
    <time>2026-10-03T14:56:07Z</time>
   </trkpt>
   <trkpt lat="50.8758480" lon="4.2399850">
    <ele>70.2</ele>
    <time>2026-10-03T14:56:08Z</time>
   </trkpt>
   <trkpt lat="50.8758310" lon="4.2400010">
    <ele>70.2</ele>
    <time>2026-10-03T14:56:09Z</time>
   </trkpt>
   <trkpt lat="50.8758100" lon="4.2400140">
    <ele>70.2</ele>
    <time>2026-10-03T14:56:10Z</time>
   </trkpt>
   <trkpt lat="50.8757870" lon="4.2400300">
    <ele>70.2</ele>
    <time>2026-10-03T14:56:11Z</time>
   </trkpt>
   <trkpt lat="50.8757730" lon="4.2400470">
    <ele>70.1</ele>
    <time>2026-10-03T14:56:12Z</time>
   </trkpt>
   <trkpt lat="50.8757580" lon="4.2400610">
    <ele>70.1</ele>
    <time>2026-10-03T14:56:13Z</time>
   </trkpt>
   <trkpt lat="50.8757450" lon="4.2400760">
    <ele>70.1</ele>
    <time>2026-10-03T14:56:14Z</time>
   </trkpt>
   <trkpt lat="50.8757280" lon="4.2400830">
    <ele>70.1</ele>
    <time>2026-10-03T14:56:15Z</time>
   </trkpt>
   <trkpt lat="50.8757140" lon="4.2401010">
    <ele>70.1</ele>
    <time>2026-10-03T14:56:16Z</time>
   </trkpt>
   <trkpt lat="50.8756970" lon="4.2401130">
    <ele>70.1</ele>
    <time>2026-10-03T14:56:17Z</time>
   </trkpt>
   <trkpt lat="50.8756970" lon="4.2401450">
    <ele>70.1</ele>
    <time>2026-10-03T14:56:18Z</time>
   </trkpt>
   <trkpt lat="50.8756990" lon="4.2401660">
    <ele>70.1</ele>
    <time>2026-10-03T14:56:19Z</time>
   </trkpt>
   <trkpt lat="50.8757010" lon="4.2401870">
    <ele>70.1</ele>
    <time>2026-10-03T14:56:20Z</time>
   </trkpt>
   <trkpt lat="50.8756970" lon="4.2401940">
    <ele>70.1</ele>
    <time>2026-10-03T14:56:21Z</time>
   </trkpt>
   <trkpt lat="50.8756870" lon="4.2401990">
    <ele>70.1</ele>
    <time>2026-10-03T14:56:22Z</time>
   </trkpt>
   <trkpt lat="50.8756810" lon="4.2402200">
    <ele>70.1</ele>
    <time>2026-10-03T14:56:23Z</time>
   </trkpt>
   <trkpt lat="50.8756650" lon="4.2402340">
    <ele>70.1</ele>
    <time>2026-10-03T14:56:24Z</time>
   </trkpt>
   <trkpt lat="50.8756360" lon="4.2402430">
    <ele>70.0</ele>
    <time>2026-10-03T14:56:25Z</time>
   </trkpt>
   <trkpt lat="50.8756020" lon="4.2402570">
    <ele>70.0</ele>
    <time>2026-10-03T14:56:26Z</time>
   </trkpt>
   <trkpt lat="50.8755860" lon="4.2402630">
    <ele>70.0</ele>
    <time>2026-10-03T14:56:27Z</time>
   </trkpt>
   <trkpt lat="50.8755660" lon="4.2402850">
    <ele>70.0</ele>
    <time>2026-10-03T14:56:28Z</time>
   </trkpt>
   <trkpt lat="50.8755450" lon="4.2403090">
    <ele>69.9</ele>
    <time>2026-10-03T14:56:29Z</time>
   </trkpt>
   <trkpt lat="50.8755290" lon="4.2403310">
    <ele>69.9</ele>
    <time>2026-10-03T14:56:30Z</time>
   </trkpt>
   <trkpt lat="50.8755150" lon="4.2403440">
    <ele>69.9</ele>
    <time>2026-10-03T14:56:31Z</time>
   </trkpt>
   <trkpt lat="50.8755030" lon="4.2403620">
    <ele>69.9</ele>
    <time>2026-10-03T14:56:32Z</time>
   </trkpt>
   <trkpt lat="50.8754790" lon="4.2403930">
    <ele>69.8</ele>
    <time>2026-10-03T14:56:33Z</time>
   </trkpt>
   <trkpt lat="50.8754610" lon="4.2404170">
    <ele>69.8</ele>
    <time>2026-10-03T14:56:34Z</time>
   </trkpt>
   <trkpt lat="50.8754440" lon="4.2404530">
    <ele>69.7</ele>
    <time>2026-10-03T14:56:35Z</time>
   </trkpt>
   <trkpt lat="50.8754320" lon="4.2404730">
    <ele>69.7</ele>
    <time>2026-10-03T14:56:36Z</time>
   </trkpt>
   <trkpt lat="50.8754150" lon="4.2405020">
    <ele>69.6</ele>
    <time>2026-10-03T14:56:37Z</time>
   </trkpt>
   <trkpt lat="50.8753980" lon="4.2405280">
    <ele>69.6</ele>
    <time>2026-10-03T14:56:38Z</time>
   </trkpt>
   <trkpt lat="50.8753840" lon="4.2405530">
    <ele>69.5</ele>
    <time>2026-10-03T14:56:39Z</time>
   </trkpt>
   <trkpt lat="50.8753630" lon="4.2405820">
    <ele>69.5</ele>
    <time>2026-10-03T14:56:40Z</time>
   </trkpt>
   <trkpt lat="50.8753460" lon="4.2406030">
    <ele>69.4</ele>
    <time>2026-10-03T14:56:41Z</time>
   </trkpt>
   <trkpt lat="50.8753330" lon="4.2406320">
    <ele>69.4</ele>
    <time>2026-10-03T14:56:42Z</time>
   </trkpt>
   <trkpt lat="50.8753210" lon="4.2406620">
    <ele>69.4</ele>
    <time>2026-10-03T14:56:43Z</time>
   </trkpt>
   <trkpt lat="50.8753120" lon="4.2406990">
    <ele>69.3</ele>
    <time>2026-10-03T14:56:44Z</time>
   </trkpt>
   <trkpt lat="50.8752950" lon="4.2407210">
    <ele>69.3</ele>
    <time>2026-10-03T14:56:45Z</time>
   </trkpt>
   <trkpt lat="50.8752790" lon="4.2407540">
    <ele>69.2</ele>
    <time>2026-10-03T14:56:46Z</time>
   </trkpt>
   <trkpt lat="50.8752650" lon="4.2407880">
    <ele>69.2</ele>
    <time>2026-10-03T14:56:47Z</time>
   </trkpt>
   <trkpt lat="50.8752540" lon="4.2408170">
    <ele>69.1</ele>
    <time>2026-10-03T14:56:48Z</time>
   </trkpt>
   <trkpt lat="50.8752290" lon="4.2408430">
    <ele>69.1</ele>
    <time>2026-10-03T14:56:49Z</time>
   </trkpt>
   <trkpt lat="50.8752160" lon="4.2408640">
    <ele>69.0</ele>
    <time>2026-10-03T14:56:50Z</time>
   </trkpt>
   <trkpt lat="50.8752010" lon="4.2408770">
    <ele>69.0</ele>
    <time>2026-10-03T14:56:51Z</time>
   </trkpt>
   <trkpt lat="50.8751830" lon="4.2409030">
    <ele>68.9</ele>
    <time>2026-10-03T14:56:52Z</time>
   </trkpt>
   <trkpt lat="50.8751740" lon="4.2409190">
    <ele>68.9</ele>
    <time>2026-10-03T14:56:53Z</time>
   </trkpt>
   <trkpt lat="50.8751650" lon="4.2409420">
    <ele>68.9</ele>
    <time>2026-10-03T14:56:54Z</time>
   </trkpt>
   <trkpt lat="50.8751470" lon="4.2409710">
    <ele>68.8</ele>
    <time>2026-10-03T14:56:55Z</time>
   </trkpt>
   <trkpt lat="50.8751310" lon="4.2409960">
    <ele>68.8</ele>
    <time>2026-10-03T14:56:56Z</time>
   </trkpt>
   <trkpt lat="50.8751180" lon="4.2410200">
    <ele>68.7</ele>
    <time>2026-10-03T14:56:57Z</time>
   </trkpt>
   <trkpt lat="50.8751020" lon="4.2410450">
    <ele>68.7</ele>
    <time>2026-10-03T14:56:58Z</time>
   </trkpt>
   <trkpt lat="50.8750900" lon="4.2410660">
    <ele>68.7</ele>
    <time>2026-10-03T14:56:59Z</time>
   </trkpt>
   <trkpt lat="50.8750780" lon="4.2410940">
    <ele>68.6</ele>
    <time>2026-10-03T14:57:00Z</time>
   </trkpt>
   <trkpt lat="50.8750710" lon="4.2411200">
    <ele>68.6</ele>
    <time>2026-10-03T14:57:01Z</time>
   </trkpt>
   <trkpt lat="50.8750630" lon="4.2411400">
    <ele>68.6</ele>
    <time>2026-10-03T14:57:02Z</time>
   </trkpt>
   <trkpt lat="50.8750510" lon="4.2411620">
    <ele>68.5</ele>
    <time>2026-10-03T14:57:03Z</time>
   </trkpt>
   <trkpt lat="50.8750390" lon="4.2411810">
    <ele>68.5</ele>
    <time>2026-10-03T14:57:04Z</time>
   </trkpt>
   <trkpt lat="50.8750310" lon="4.2412020">
    <ele>68.5</ele>
    <time>2026-10-03T14:57:05Z</time>
   </trkpt>
   <trkpt lat="50.8750230" lon="4.2412300">
    <ele>68.4</ele>
    <time>2026-10-03T14:57:06Z</time>
   </trkpt>
   <trkpt lat="50.8750190" lon="4.2412550">
    <ele>68.4</ele>
    <time>2026-10-03T14:57:07Z</time>
   </trkpt>
   <trkpt lat="50.8750130" lon="4.2412820">
    <ele>68.4</ele>
    <time>2026-10-03T14:57:08Z</time>
   </trkpt>
   <trkpt lat="50.8750060" lon="4.2413060">
    <ele>68.3</ele>
    <time>2026-10-03T14:57:09Z</time>
   </trkpt>
   <trkpt lat="50.8749940" lon="4.2413400">
    <ele>68.3</ele>
    <time>2026-10-03T14:57:10Z</time>
   </trkpt>
   <trkpt lat="50.8749840" lon="4.2413820">
    <ele>68.2</ele>
    <time>2026-10-03T14:57:11Z</time>
   </trkpt>
   <trkpt lat="50.8749800" lon="4.2414080">
    <ele>68.2</ele>
    <time>2026-10-03T14:57:12Z</time>
   </trkpt>
   <trkpt lat="50.8749710" lon="4.2414290">
    <ele>68.2</ele>
    <time>2026-10-03T14:57:13Z</time>
   </trkpt>
   <trkpt lat="50.8749590" lon="4.2414560">
    <ele>68.2</ele>
    <time>2026-10-03T14:57:14Z</time>
   </trkpt>
   <trkpt lat="50.8749460" lon="4.2414650">
    <ele>68.1</ele>
    <time>2026-10-03T14:57:16Z</time>
   </trkpt>
   <trkpt lat="50.8749290" lon="4.2414510">
    <ele>68.1</ele>
    <time>2026-10-03T14:57:17Z</time>
   </trkpt>
   <trkpt lat="50.8749140" lon="4.2414260">
    <ele>68.1</ele>
    <time>2026-10-03T14:57:18Z</time>
   </trkpt>
   <trkpt lat="50.8748850" lon="4.2414010">
    <ele>68.1</ele>
    <time>2026-10-03T14:57:19Z</time>
   </trkpt>
   <trkpt lat="50.8748710" lon="4.2413660">
    <ele>68.1</ele>
    <time>2026-10-03T14:57:20Z</time>
   </trkpt>
   <trkpt lat="50.8748750" lon="4.2413270">
    <ele>68.1</ele>
    <time>2026-10-03T14:57:21Z</time>
   </trkpt>
   <trkpt lat="50.8748720" lon="4.2412920">
    <ele>68.0</ele>
    <time>2026-10-03T14:57:22Z</time>
   </trkpt>
   <trkpt lat="50.8748350" lon="4.2412770">
    <ele>68.0</ele>
    <time>2026-10-03T14:57:23Z</time>
   </trkpt>
   <trkpt lat="50.8748140" lon="4.2412780">
    <ele>67.9</ele>
    <time>2026-10-03T14:57:25Z</time>
   </trkpt>
   <trkpt lat="50.8747950" lon="4.2412960">
    <ele>67.9</ele>
    <time>2026-10-03T14:57:26Z</time>
   </trkpt>
   <trkpt lat="50.8747760" lon="4.2413160">
    <ele>67.8</ele>
    <time>2026-10-03T14:57:27Z</time>
   </trkpt>
   <trkpt lat="50.8747580" lon="4.2413280">
    <ele>67.8</ele>
    <time>2026-10-03T14:57:28Z</time>
   </trkpt>
   <trkpt lat="50.8747200" lon="4.2413110">
    <ele>67.7</ele>
    <time>2026-10-03T14:57:29Z</time>
   </trkpt>
   <trkpt lat="50.8746920" lon="4.2412980">
    <ele>67.7</ele>
    <time>2026-10-03T14:57:30Z</time>
   </trkpt>
   <trkpt lat="50.8746680" lon="4.2412830">
    <ele>67.6</ele>
    <time>2026-10-03T14:57:31Z</time>
   </trkpt>
   <trkpt lat="50.8746460" lon="4.2412880">
    <ele>67.6</ele>
    <time>2026-10-03T14:57:32Z</time>
   </trkpt>
   <trkpt lat="50.8746330" lon="4.2413030">
    <ele>67.5</ele>
    <time>2026-10-03T14:57:33Z</time>
   </trkpt>
   <trkpt lat="50.8746150" lon="4.2413240">
    <ele>67.5</ele>
    <time>2026-10-03T14:57:34Z</time>
   </trkpt>
   <trkpt lat="50.8746030" lon="4.2413530">
    <ele>67.4</ele>
    <time>2026-10-03T14:57:35Z</time>
   </trkpt>
   <trkpt lat="50.8745840" lon="4.2413740">
    <ele>67.4</ele>
    <time>2026-10-03T14:57:36Z</time>
   </trkpt>
   <trkpt lat="50.8745670" lon="4.2413970">
    <ele>67.4</ele>
    <time>2026-10-03T14:57:37Z</time>
   </trkpt>
   <trkpt lat="50.8745540" lon="4.2414220">
    <ele>67.3</ele>
    <time>2026-10-03T14:57:38Z</time>
   </trkpt>
   <trkpt lat="50.8745370" lon="4.2414420">
    <ele>67.3</ele>
    <time>2026-10-03T14:57:39Z</time>
   </trkpt>
   <trkpt lat="50.8745100" lon="4.2414610">
    <ele>67.2</ele>
    <time>2026-10-03T14:57:40Z</time>
   </trkpt>
   <trkpt lat="50.8744970" lon="4.2414560">
    <ele>67.2</ele>
    <time>2026-10-03T14:57:41Z</time>
   </trkpt>
   <trkpt lat="50.8744800" lon="4.2414940">
    <ele>67.1</ele>
    <time>2026-10-03T14:57:42Z</time>
   </trkpt>
   <trkpt lat="50.8744760" lon="4.2415050">
    <ele>67.1</ele>
    <time>2026-10-03T14:57:43Z</time>
   </trkpt>
   <trkpt lat="50.8744650" lon="4.2415230">
    <ele>67.1</ele>
    <time>2026-10-03T14:57:44Z</time>
   </trkpt>
   <trkpt lat="50.8744570" lon="4.2415230">
    <ele>67.1</ele>
    <time>2026-10-03T14:57:45Z</time>
   </trkpt>
   <trkpt lat="50.8744290" lon="4.2415690">
    <ele>67.0</ele>
    <time>2026-10-03T14:57:46Z</time>
   </trkpt>
   <trkpt lat="50.8744130" lon="4.2415840">
    <ele>67.0</ele>
    <time>2026-10-03T14:57:47Z</time>
   </trkpt>
   <trkpt lat="50.8743980" lon="4.2416000">
    <ele>66.9</ele>
    <time>2026-10-03T14:57:48Z</time>
   </trkpt>
   <trkpt lat="50.8743870" lon="4.2416180">
    <ele>66.9</ele>
    <time>2026-10-03T14:57:49Z</time>
   </trkpt>
   <trkpt lat="50.8743710" lon="4.2416290">
    <ele>66.8</ele>
    <time>2026-10-03T14:57:50Z</time>
   </trkpt>
   <trkpt lat="50.8743640" lon="4.2416460">
    <ele>66.8</ele>
    <time>2026-10-03T14:57:51Z</time>
   </trkpt>
   <trkpt lat="50.8743440" lon="4.2416660">
    <ele>66.8</ele>
    <time>2026-10-03T14:57:52Z</time>
   </trkpt>
   <trkpt lat="50.8743290" lon="4.2416850">
    <ele>66.7</ele>
    <time>2026-10-03T14:57:53Z</time>
   </trkpt>
   <trkpt lat="50.8743110" lon="4.2417040">
    <ele>66.7</ele>
    <time>2026-10-03T14:57:54Z</time>
   </trkpt>
   <trkpt lat="50.8742890" lon="4.2417210">
    <ele>66.6</ele>
    <time>2026-10-03T14:57:55Z</time>
   </trkpt>
   <trkpt lat="50.8742740" lon="4.2417370">
    <ele>66.6</ele>
    <time>2026-10-03T14:57:56Z</time>
   </trkpt>
   <trkpt lat="50.8742590" lon="4.2417480">
    <ele>66.5</ele>
    <time>2026-10-03T14:57:57Z</time>
   </trkpt>
   <trkpt lat="50.8742460" lon="4.2417680">
    <ele>66.5</ele>
    <time>2026-10-03T14:57:58Z</time>
   </trkpt>
   <trkpt lat="50.8742270" lon="4.2417860">
    <ele>66.4</ele>
    <time>2026-10-03T14:57:59Z</time>
   </trkpt>
   <trkpt lat="50.8742100" lon="4.2417670">
    <ele>66.4</ele>
    <time>2026-10-03T14:58:00Z</time>
   </trkpt>
   <trkpt lat="50.8741920" lon="4.2418050">
    <ele>66.3</ele>
    <time>2026-10-03T14:58:01Z</time>
   </trkpt>
   <trkpt lat="50.8741710" lon="4.2418250">
    <ele>66.3</ele>
    <time>2026-10-03T14:58:02Z</time>
   </trkpt>
   <trkpt lat="50.8741540" lon="4.2418490">
    <ele>66.2</ele>
    <time>2026-10-03T14:58:03Z</time>
   </trkpt>
   <trkpt lat="50.8741420" lon="4.2418750">
    <ele>66.2</ele>
    <time>2026-10-03T14:58:04Z</time>
   </trkpt>
   <trkpt lat="50.8741240" lon="4.2418920">
    <ele>66.1</ele>
    <time>2026-10-03T14:58:05Z</time>
   </trkpt>
   <trkpt lat="50.8741040" lon="4.2419130">
    <ele>66.0</ele>
    <time>2026-10-03T14:58:06Z</time>
   </trkpt>
   <trkpt lat="50.8740870" lon="4.2419380">
    <ele>66.0</ele>
    <time>2026-10-03T14:58:07Z</time>
   </trkpt>
   <trkpt lat="50.8740670" lon="4.2419540">
    <ele>65.9</ele>
    <time>2026-10-03T14:58:08Z</time>
   </trkpt>
   <trkpt lat="50.8740520" lon="4.2419760">
    <ele>65.9</ele>
    <time>2026-10-03T14:58:09Z</time>
   </trkpt>
   <trkpt lat="50.8740330" lon="4.2419860">
    <ele>65.8</ele>
    <time>2026-10-03T14:58:10Z</time>
   </trkpt>
   <trkpt lat="50.8740230" lon="4.2420020">
    <ele>65.8</ele>
    <time>2026-10-03T14:58:11Z</time>
   </trkpt>
   <trkpt lat="50.8740090" lon="4.2420320">
    <ele>65.7</ele>
    <time>2026-10-03T14:58:12Z</time>
   </trkpt>
   <trkpt lat="50.8739910" lon="4.2420520">
    <ele>65.6</ele>
    <time>2026-10-03T14:58:13Z</time>
   </trkpt>
   <trkpt lat="50.8739760" lon="4.2420560">
    <ele>65.6</ele>
    <time>2026-10-03T14:58:14Z</time>
   </trkpt>
   <trkpt lat="50.8739620" lon="4.2420750">
    <ele>65.6</ele>
    <time>2026-10-03T14:58:15Z</time>
   </trkpt>
   <trkpt lat="50.8739480" lon="4.2420900">
    <ele>65.5</ele>
    <time>2026-10-03T14:58:16Z</time>
   </trkpt>
   <trkpt lat="50.8739280" lon="4.2421100">
    <ele>65.4</ele>
    <time>2026-10-03T14:58:17Z</time>
   </trkpt>
   <trkpt lat="50.8739070" lon="4.2421310">
    <ele>65.4</ele>
    <time>2026-10-03T14:58:18Z</time>
   </trkpt>
   <trkpt lat="50.8738880" lon="4.2421530">
    <ele>65.3</ele>
    <time>2026-10-03T14:58:19Z</time>
   </trkpt>
   <trkpt lat="50.8738770" lon="4.2421710">
    <ele>65.2</ele>
    <time>2026-10-03T14:58:20Z</time>
   </trkpt>
   <trkpt lat="50.8738680" lon="4.2421980">
    <ele>65.2</ele>
    <time>2026-10-03T14:58:21Z</time>
   </trkpt>
   <trkpt lat="50.8738470" lon="4.2422100">
    <ele>65.1</ele>
    <time>2026-10-03T14:58:22Z</time>
   </trkpt>
   <trkpt lat="50.8738320" lon="4.2422240">
    <ele>65.1</ele>
    <time>2026-10-03T14:58:23Z</time>
   </trkpt>
   <trkpt lat="50.8738140" lon="4.2422420">
    <ele>65.0</ele>
    <time>2026-10-03T14:58:24Z</time>
   </trkpt>
   <trkpt lat="50.8737890" lon="4.2422640">
    <ele>64.9</ele>
    <time>2026-10-03T14:58:25Z</time>
   </trkpt>
   <trkpt lat="50.8737740" lon="4.2422760">
    <ele>64.8</ele>
    <time>2026-10-03T14:58:26Z</time>
   </trkpt>
   <trkpt lat="50.8737620" lon="4.2422990">
    <ele>64.8</ele>
    <time>2026-10-03T14:58:27Z</time>
   </trkpt>
   <trkpt lat="50.8737380" lon="4.2423190">
    <ele>64.7</ele>
    <time>2026-10-03T14:58:28Z</time>
   </trkpt>
   <trkpt lat="50.8737330" lon="4.2423300">
    <ele>64.7</ele>
    <time>2026-10-03T14:58:29Z</time>
   </trkpt>
   <trkpt lat="50.8737210" lon="4.2423460">
    <ele>64.6</ele>
    <time>2026-10-03T14:58:30Z</time>
   </trkpt>
   <trkpt lat="50.8737040" lon="4.2423600">
    <ele>64.6</ele>
    <time>2026-10-03T14:58:31Z</time>
   </trkpt>
   <trkpt lat="50.8736880" lon="4.2423730">
    <ele>64.5</ele>
    <time>2026-10-03T14:58:32Z</time>
   </trkpt>
   <trkpt lat="50.8736700" lon="4.2423950">
    <ele>64.5</ele>
    <time>2026-10-03T14:58:33Z</time>
   </trkpt>
   <trkpt lat="50.8736580" lon="4.2424170">
    <ele>64.4</ele>
    <time>2026-10-03T14:58:34Z</time>
   </trkpt>
   <trkpt lat="50.8736440" lon="4.2424390">
    <ele>64.3</ele>
    <time>2026-10-03T14:58:35Z</time>
   </trkpt>
   <trkpt lat="50.8736300" lon="4.2424600">
    <ele>64.3</ele>
    <time>2026-10-03T14:58:36Z</time>
   </trkpt>
   <trkpt lat="50.8736120" lon="4.2424770">
    <ele>64.2</ele>
    <time>2026-10-03T14:58:37Z</time>
   </trkpt>
   <trkpt lat="50.8735970" lon="4.2424950">
    <ele>64.2</ele>
    <time>2026-10-03T14:58:38Z</time>
   </trkpt>
   <trkpt lat="50.8735810" lon="4.2425200">
    <ele>64.1</ele>
    <time>2026-10-03T14:58:39Z</time>
   </trkpt>
   <trkpt lat="50.8735650" lon="4.2425480">
    <ele>64.1</ele>
    <time>2026-10-03T14:58:40Z</time>
   </trkpt>
   <trkpt lat="50.8735480" lon="4.2425670">
    <ele>64.1</ele>
    <time>2026-10-03T14:58:41Z</time>
   </trkpt>
   <trkpt lat="50.8735350" lon="4.2425860">
    <ele>64.1</ele>
    <time>2026-10-03T14:58:42Z</time>
   </trkpt>
   <trkpt lat="50.8735140" lon="4.2425960">
    <ele>64.1</ele>
    <time>2026-10-03T14:58:43Z</time>
   </trkpt>
   <trkpt lat="50.8734980" lon="4.2426110">
    <ele>64.1</ele>
    <time>2026-10-03T14:58:44Z</time>
   </trkpt>
   <trkpt lat="50.8734850" lon="4.2426290">
    <ele>64.1</ele>
    <time>2026-10-03T14:58:45Z</time>
   </trkpt>
   <trkpt lat="50.8734620" lon="4.2426450">
    <ele>64.0</ele>
    <time>2026-10-03T14:58:46Z</time>
   </trkpt>
   <trkpt lat="50.8734440" lon="4.2426600">
    <ele>64.0</ele>
    <time>2026-10-03T14:58:47Z</time>
   </trkpt>
   <trkpt lat="50.8734270" lon="4.2426710">
    <ele>63.9</ele>
    <time>2026-10-03T14:58:48Z</time>
   </trkpt>
   <trkpt lat="50.8734160" lon="4.2426890">
    <ele>63.8</ele>
    <time>2026-10-03T14:58:49Z</time>
   </trkpt>
   <trkpt lat="50.8733970" lon="4.2427090">
    <ele>63.8</ele>
    <time>2026-10-03T14:58:50Z</time>
   </trkpt>
   <trkpt lat="50.8733820" lon="4.2427390">
    <ele>63.7</ele>
    <time>2026-10-03T14:58:51Z</time>
   </trkpt>
   <trkpt lat="50.8733700" lon="4.2427510">
    <ele>63.6</ele>
    <time>2026-10-03T14:58:52Z</time>
   </trkpt>
   <trkpt lat="50.8733530" lon="4.2427580">
    <ele>63.5</ele>
    <time>2026-10-03T14:58:53Z</time>
   </trkpt>
   <trkpt lat="50.8733390" lon="4.2427740">
    <ele>63.5</ele>
    <time>2026-10-03T14:58:54Z</time>
   </trkpt>
   <trkpt lat="50.8733240" lon="4.2428070">
    <ele>63.4</ele>
    <time>2026-10-03T14:58:55Z</time>
   </trkpt>
   <trkpt lat="50.8733070" lon="4.2428290">
    <ele>63.3</ele>
    <time>2026-10-03T14:58:56Z</time>
   </trkpt>
   <trkpt lat="50.8732930" lon="4.2428450">
    <ele>63.2</ele>
    <time>2026-10-03T14:58:57Z</time>
   </trkpt>
   <trkpt lat="50.8732820" lon="4.2428650">
    <ele>63.2</ele>
    <time>2026-10-03T14:58:58Z</time>
   </trkpt>
   <trkpt lat="50.8732620" lon="4.2428760">
    <ele>63.1</ele>
    <time>2026-10-03T14:58:59Z</time>
   </trkpt>
   <trkpt lat="50.8732430" lon="4.2428890">
    <ele>63.0</ele>
    <time>2026-10-03T14:59:00Z</time>
   </trkpt>
   <trkpt lat="50.8732260" lon="4.2429100">
    <ele>63.0</ele>
    <time>2026-10-03T14:59:01Z</time>
   </trkpt>
   <trkpt lat="50.8732100" lon="4.2429340">
    <ele>62.9</ele>
    <time>2026-10-03T14:59:02Z</time>
   </trkpt>
   <trkpt lat="50.8731980" lon="4.2429550">
    <ele>62.8</ele>
    <time>2026-10-03T14:59:03Z</time>
   </trkpt>
   <trkpt lat="50.8731850" lon="4.2429670">
    <ele>62.8</ele>
    <time>2026-10-03T14:59:04Z</time>
   </trkpt>
   <trkpt lat="50.8731660" lon="4.2429920">
    <ele>62.7</ele>
    <time>2026-10-03T14:59:05Z</time>
   </trkpt>
   <trkpt lat="50.8731550" lon="4.2429920">
    <ele>62.6</ele>
    <time>2026-10-03T14:59:06Z</time>
   </trkpt>
   <trkpt lat="50.8731450" lon="4.2430130">
    <ele>62.6</ele>
    <time>2026-10-03T14:59:07Z</time>
   </trkpt>
   <trkpt lat="50.8731280" lon="4.2430130">
    <ele>62.5</ele>
    <time>2026-10-03T14:59:08Z</time>
   </trkpt>
   <trkpt lat="50.8731160" lon="4.2430240">
    <ele>62.5</ele>
    <time>2026-10-03T14:59:09Z</time>
   </trkpt>
   <trkpt lat="50.8730990" lon="4.2430590">
    <ele>62.4</ele>
    <time>2026-10-03T14:59:10Z</time>
   </trkpt>
   <trkpt lat="50.8730790" lon="4.2430770">
    <ele>62.3</ele>
    <time>2026-10-03T14:59:11Z</time>
   </trkpt>
   <trkpt lat="50.8730680" lon="4.2430900">
    <ele>62.3</ele>
    <time>2026-10-03T14:59:12Z</time>
   </trkpt>
   <trkpt lat="50.8730450" lon="4.2431240">
    <ele>62.2</ele>
    <time>2026-10-03T14:59:13Z</time>
   </trkpt>
   <trkpt lat="50.8730260" lon="4.2431460">
    <ele>62.1</ele>
    <time>2026-10-03T14:59:14Z</time>
   </trkpt>
   <trkpt lat="50.8730070" lon="4.2431630">
    <ele>62.0</ele>
    <time>2026-10-03T14:59:15Z</time>
   </trkpt>
   <trkpt lat="50.8729920" lon="4.2431860">
    <ele>62.0</ele>
    <time>2026-10-03T14:59:16Z</time>
   </trkpt>
   <trkpt lat="50.8729760" lon="4.2431990">
    <ele>61.9</ele>
    <time>2026-10-03T14:59:17Z</time>
   </trkpt>
   <trkpt lat="50.8729590" lon="4.2432240">
    <ele>61.9</ele>
    <time>2026-10-03T14:59:18Z</time>
   </trkpt>
   <trkpt lat="50.8729420" lon="4.2432430">
    <ele>61.8</ele>
    <time>2026-10-03T14:59:19Z</time>
   </trkpt>
   <trkpt lat="50.8729300" lon="4.2432630">
    <ele>61.8</ele>
    <time>2026-10-03T14:59:20Z</time>
   </trkpt>
   <trkpt lat="50.8729200" lon="4.2432890">
    <ele>61.7</ele>
    <time>2026-10-03T14:59:21Z</time>
   </trkpt>
   <trkpt lat="50.8729020" lon="4.2433090">
    <ele>61.7</ele>
    <time>2026-10-03T14:59:22Z</time>
   </trkpt>
   <trkpt lat="50.8728870" lon="4.2433300">
    <ele>61.6</ele>
    <time>2026-10-03T14:59:23Z</time>
   </trkpt>
   <trkpt lat="50.8728730" lon="4.2433490">
    <ele>61.6</ele>
    <time>2026-10-03T14:59:24Z</time>
   </trkpt>
   <trkpt lat="50.8728520" lon="4.2433670">
    <ele>61.5</ele>
    <time>2026-10-03T14:59:25Z</time>
   </trkpt>
   <trkpt lat="50.8728310" lon="4.2433950">
    <ele>61.5</ele>
    <time>2026-10-03T14:59:26Z</time>
   </trkpt>
   <trkpt lat="50.8728070" lon="4.2434220">
    <ele>61.4</ele>
    <time>2026-10-03T14:59:27Z</time>
   </trkpt>
   <trkpt lat="50.8728000" lon="4.2434280">
    <ele>61.4</ele>
    <time>2026-10-03T14:59:28Z</time>
   </trkpt>
   <trkpt lat="50.8727880" lon="4.2434410">
    <ele>61.3</ele>
    <time>2026-10-03T14:59:29Z</time>
   </trkpt>
   <trkpt lat="50.8727770" lon="4.2434620">
    <ele>61.3</ele>
    <time>2026-10-03T14:59:30Z</time>
   </trkpt>
   <trkpt lat="50.8727660" lon="4.2434800">
    <ele>61.3</ele>
    <time>2026-10-03T14:59:31Z</time>
   </trkpt>
   <trkpt lat="50.8727470" lon="4.2435040">
    <ele>61.2</ele>
    <time>2026-10-03T14:59:32Z</time>
   </trkpt>
   <trkpt lat="50.8727300" lon="4.2435320">
    <ele>61.2</ele>
    <time>2026-10-03T14:59:33Z</time>
   </trkpt>
   <trkpt lat="50.8727180" lon="4.2435500">
    <ele>61.1</ele>
    <time>2026-10-03T14:59:34Z</time>
   </trkpt>
   <trkpt lat="50.8727020" lon="4.2435650">
    <ele>61.1</ele>
    <time>2026-10-03T14:59:35Z</time>
   </trkpt>
   <trkpt lat="50.8726830" lon="4.2435900">
    <ele>61.0</ele>
    <time>2026-10-03T14:59:36Z</time>
   </trkpt>
   <trkpt lat="50.8726680" lon="4.2436070">
    <ele>61.0</ele>
    <time>2026-10-03T14:59:37Z</time>
   </trkpt>
   <trkpt lat="50.8726540" lon="4.2436250">
    <ele>60.9</ele>
    <time>2026-10-03T14:59:38Z</time>
   </trkpt>
   <trkpt lat="50.8726400" lon="4.2436440">
    <ele>60.9</ele>
    <time>2026-10-03T14:59:39Z</time>
   </trkpt>
   <trkpt lat="50.8726270" lon="4.2436620">
    <ele>60.9</ele>
    <time>2026-10-03T14:59:40Z</time>
   </trkpt>
   <trkpt lat="50.8726110" lon="4.2436850">
    <ele>60.8</ele>
    <time>2026-10-03T14:59:41Z</time>
   </trkpt>
   <trkpt lat="50.8725900" lon="4.2437000">
    <ele>60.8</ele>
    <time>2026-10-03T14:59:42Z</time>
   </trkpt>
   <trkpt lat="50.8725750" lon="4.2437180">
    <ele>60.7</ele>
    <time>2026-10-03T14:59:43Z</time>
   </trkpt>
   <trkpt lat="50.8725640" lon="4.2437390">
    <ele>60.7</ele>
    <time>2026-10-03T14:59:44Z</time>
   </trkpt>
   <trkpt lat="50.8725470" lon="4.2437580">
    <ele>60.6</ele>
    <time>2026-10-03T14:59:45Z</time>
   </trkpt>
   <trkpt lat="50.8725310" lon="4.2437710">
    <ele>60.6</ele>
    <time>2026-10-03T14:59:46Z</time>
   </trkpt>
   <trkpt lat="50.8725160" lon="4.2437890">
    <ele>60.5</ele>
    <time>2026-10-03T14:59:47Z</time>
   </trkpt>
   <trkpt lat="50.8724980" lon="4.2438110">
    <ele>60.5</ele>
    <time>2026-10-03T14:59:48Z</time>
   </trkpt>
   <trkpt lat="50.8724870" lon="4.2438270">
    <ele>60.5</ele>
    <time>2026-10-03T14:59:49Z</time>
   </trkpt>
   <trkpt lat="50.8724750" lon="4.2438530">
    <ele>60.4</ele>
    <time>2026-10-03T14:59:50Z</time>
   </trkpt>
   <trkpt lat="50.8724590" lon="4.2438710">
    <ele>60.4</ele>
    <time>2026-10-03T14:59:51Z</time>
   </trkpt>
   <trkpt lat="50.8724450" lon="4.2438960">
    <ele>60.3</ele>
    <time>2026-10-03T14:59:52Z</time>
   </trkpt>
   <trkpt lat="50.8724290" lon="4.2439320">
    <ele>60.3</ele>
    <time>2026-10-03T14:59:53Z</time>
   </trkpt>
   <trkpt lat="50.8724110" lon="4.2439510">
    <ele>60.2</ele>
    <time>2026-10-03T14:59:54Z</time>
   </trkpt>
   <trkpt lat="50.8723960" lon="4.2439610">
    <ele>60.2</ele>
    <time>2026-10-03T14:59:55Z</time>
   </trkpt>
   <trkpt lat="50.8723810" lon="4.2439750">
    <ele>60.2</ele>
    <time>2026-10-03T14:59:56Z</time>
   </trkpt>
   <trkpt lat="50.8723630" lon="4.2439960">
    <ele>60.1</ele>
    <time>2026-10-03T14:59:57Z</time>
   </trkpt>
   <trkpt lat="50.8723460" lon="4.2440190">
    <ele>60.1</ele>
    <time>2026-10-03T14:59:58Z</time>
   </trkpt>
   <trkpt lat="50.8723390" lon="4.2440410">
    <ele>60.1</ele>
    <time>2026-10-03T14:59:59Z</time>
   </trkpt>
   <trkpt lat="50.8723250" lon="4.2440610">
    <ele>60.0</ele>
    <time>2026-10-03T15:00:00Z</time>
   </trkpt>
   <trkpt lat="50.8723090" lon="4.2440880">
    <ele>60.0</ele>
    <time>2026-10-03T15:00:01Z</time>
   </trkpt>
   <trkpt lat="50.8722950" lon="4.2441130">
    <ele>60.0</ele>
    <time>2026-10-03T15:00:02Z</time>
   </trkpt>
   <trkpt lat="50.8722760" lon="4.2441150">
    <ele>59.9</ele>
    <time>2026-10-03T15:00:03Z</time>
   </trkpt>
   <trkpt lat="50.8722620" lon="4.2441210">
    <ele>59.9</ele>
    <time>2026-10-03T15:00:04Z</time>
   </trkpt>
   <trkpt lat="50.8722480" lon="4.2441390">
    <ele>59.9</ele>
    <time>2026-10-03T15:00:05Z</time>
   </trkpt>
   <trkpt lat="50.8722370" lon="4.2441640">
    <ele>59.8</ele>
    <time>2026-10-03T15:00:06Z</time>
   </trkpt>
   <trkpt lat="50.8722220" lon="4.2441850">
    <ele>59.8</ele>
    <time>2026-10-03T15:00:07Z</time>
   </trkpt>
   <trkpt lat="50.8722060" lon="4.2442060">
    <ele>59.8</ele>
    <time>2026-10-03T15:00:08Z</time>
   </trkpt>
   <trkpt lat="50.8721890" lon="4.2442240">
    <ele>59.7</ele>
    <time>2026-10-03T15:00:09Z</time>
   </trkpt>
   <trkpt lat="50.8721770" lon="4.2442390">
    <ele>59.7</ele>
    <time>2026-10-03T15:00:10Z</time>
   </trkpt>
   <trkpt lat="50.8721670" lon="4.2442630">
    <ele>59.7</ele>
    <time>2026-10-03T15:00:11Z</time>
   </trkpt>
   <trkpt lat="50.8721470" lon="4.2442750">
    <ele>59.6</ele>
    <time>2026-10-03T15:00:12Z</time>
   </trkpt>
   <trkpt lat="50.8721290" lon="4.2442900">
    <ele>59.6</ele>
    <time>2026-10-03T15:00:13Z</time>
   </trkpt>
   <trkpt lat="50.8721090" lon="4.2443120">
    <ele>59.6</ele>
    <time>2026-10-03T15:00:14Z</time>
   </trkpt>
   <trkpt lat="50.8720960" lon="4.2443330">
    <ele>59.5</ele>
    <time>2026-10-03T15:00:15Z</time>
   </trkpt>
   <trkpt lat="50.8720800" lon="4.2443580">
    <ele>59.5</ele>
    <time>2026-10-03T15:00:16Z</time>
   </trkpt>
   <trkpt lat="50.8720720" lon="4.2443810">
    <ele>59.4</ele>
    <time>2026-10-03T15:00:17Z</time>
   </trkpt>
   <trkpt lat="50.8720510" lon="4.2444020">
    <ele>59.4</ele>
    <time>2026-10-03T15:00:18Z</time>
   </trkpt>
   <trkpt lat="50.8720340" lon="4.2444160">
    <ele>59.4</ele>
    <time>2026-10-03T15:00:19Z</time>
   </trkpt>
   <trkpt lat="50.8720190" lon="4.2444220">
    <ele>59.3</ele>
    <time>2026-10-03T15:00:20Z</time>
   </trkpt>
   <trkpt lat="50.8720080" lon="4.2444370">
    <ele>59.3</ele>
    <time>2026-10-03T15:00:21Z</time>
   </trkpt>
   <trkpt lat="50.8719940" lon="4.2444630">
    <ele>59.3</ele>
    <time>2026-10-03T15:00:22Z</time>
   </trkpt>
   <trkpt lat="50.8719760" lon="4.2444810">
    <ele>59.2</ele>
    <time>2026-10-03T15:00:23Z</time>
   </trkpt>
   <trkpt lat="50.8719580" lon="4.2444860">
    <ele>59.2</ele>
    <time>2026-10-03T15:00:24Z</time>
   </trkpt>
   <trkpt lat="50.8719410" lon="4.2445010">
    <ele>59.1</ele>
    <time>2026-10-03T15:00:25Z</time>
   </trkpt>
   <trkpt lat="50.8719240" lon="4.2445200">
    <ele>59.1</ele>
    <time>2026-10-03T15:00:26Z</time>
   </trkpt>
   <trkpt lat="50.8719110" lon="4.2445320">
    <ele>59.0</ele>
    <time>2026-10-03T15:00:27Z</time>
   </trkpt>
   <trkpt lat="50.8719060" lon="4.2445340">
    <ele>59.0</ele>
    <time>2026-10-03T15:00:28Z</time>
   </trkpt>
   <trkpt lat="50.8718910" lon="4.2445420">
    <ele>59.0</ele>
    <time>2026-10-03T15:00:29Z</time>
   </trkpt>
   <trkpt lat="50.8718730" lon="4.2445650">
    <ele>58.9</ele>
    <time>2026-10-03T15:00:30Z</time>
   </trkpt>
   <trkpt lat="50.8718570" lon="4.2445890">
    <ele>58.9</ele>
    <time>2026-10-03T15:00:31Z</time>
   </trkpt>
   <trkpt lat="50.8718380" lon="4.2446140">
    <ele>58.8</ele>
    <time>2026-10-03T15:00:32Z</time>
   </trkpt>
   <trkpt lat="50.8718230" lon="4.2446350">
    <ele>58.8</ele>
    <time>2026-10-03T15:00:33Z</time>
   </trkpt>
   <trkpt lat="50.8718110" lon="4.2446460">
    <ele>58.7</ele>
    <time>2026-10-03T15:00:34Z</time>
   </trkpt>
   <trkpt lat="50.8717980" lon="4.2446670">
    <ele>58.7</ele>
    <time>2026-10-03T15:00:35Z</time>
   </trkpt>
   <trkpt lat="50.8717800" lon="4.2446900">
    <ele>58.6</ele>
    <time>2026-10-03T15:00:36Z</time>
   </trkpt>
   <trkpt lat="50.8717610" lon="4.2447110">
    <ele>58.6</ele>
    <time>2026-10-03T15:00:37Z</time>
   </trkpt>
   <trkpt lat="50.8717450" lon="4.2447250">
    <ele>58.5</ele>
    <time>2026-10-03T15:00:38Z</time>
   </trkpt>
   <trkpt lat="50.8717190" lon="4.2447350">
    <ele>58.5</ele>
    <time>2026-10-03T15:00:39Z</time>
   </trkpt>
   <trkpt lat="50.8716810" lon="4.2447570">
    <ele>58.4</ele>
    <time>2026-10-03T15:00:40Z</time>
   </trkpt>
   <trkpt lat="50.8716620" lon="4.2447850">
    <ele>58.3</ele>
    <time>2026-10-03T15:00:41Z</time>
   </trkpt>
   <trkpt lat="50.8716380" lon="4.2448040">
    <ele>58.2</ele>
    <time>2026-10-03T15:00:42Z</time>
   </trkpt>
   <trkpt lat="50.8716180" lon="4.2448140">
    <ele>58.1</ele>
    <time>2026-10-03T15:00:43Z</time>
   </trkpt>
   <trkpt lat="50.8716010" lon="4.2448330">
    <ele>58.0</ele>
    <time>2026-10-03T15:00:44Z</time>
   </trkpt>
   <trkpt lat="50.8715860" lon="4.2448510">
    <ele>57.9</ele>
    <time>2026-10-03T15:00:45Z</time>
   </trkpt>
   <trkpt lat="50.8715670" lon="4.2448800">
    <ele>57.7</ele>
    <time>2026-10-03T15:00:46Z</time>
   </trkpt>
   <trkpt lat="50.8715520" lon="4.2448920">
    <ele>57.6</ele>
    <time>2026-10-03T15:00:47Z</time>
   </trkpt>
   <trkpt lat="50.8715320" lon="4.2449070">
    <ele>57.5</ele>
    <time>2026-10-03T15:00:48Z</time>
   </trkpt>
   <trkpt lat="50.8715110" lon="4.2449240">
    <ele>57.3</ele>
    <time>2026-10-03T15:00:49Z</time>
   </trkpt>
   <trkpt lat="50.8714870" lon="4.2449350">
    <ele>57.1</ele>
    <time>2026-10-03T15:00:50Z</time>
   </trkpt>
   <trkpt lat="50.8714700" lon="4.2449520">
    <ele>57.0</ele>
    <time>2026-10-03T15:00:51Z</time>
   </trkpt>
   <trkpt lat="50.8714550" lon="4.2449760">
    <ele>56.8</ele>
    <time>2026-10-03T15:00:52Z</time>
   </trkpt>
   <trkpt lat="50.8714460" lon="4.2450040">
    <ele>56.7</ele>
    <time>2026-10-03T15:00:53Z</time>
   </trkpt>
   <trkpt lat="50.8714180" lon="4.2450120">
    <ele>56.4</ele>
    <time>2026-10-03T15:00:54Z</time>
   </trkpt>
   <trkpt lat="50.8714040" lon="4.2450080">
    <ele>56.3</ele>
    <time>2026-10-03T15:00:55Z</time>
   </trkpt>
   <trkpt lat="50.8713840" lon="4.2450160">
    <ele>56.2</ele>
    <time>2026-10-03T15:00:56Z</time>
   </trkpt>
   <trkpt lat="50.8713660" lon="4.2450260">
    <ele>56.0</ele>
    <time>2026-10-03T15:00:57Z</time>
   </trkpt>
   <trkpt lat="50.8713470" lon="4.2450330">
    <ele>55.8</ele>
    <time>2026-10-03T15:00:58Z</time>
   </trkpt>
   <trkpt lat="50.8713310" lon="4.2450490">
    <ele>55.7</ele>
    <time>2026-10-03T15:00:59Z</time>
   </trkpt>
   <trkpt lat="50.8713140" lon="4.2450540">
    <ele>55.5</ele>
    <time>2026-10-03T15:01:00Z</time>
   </trkpt>
   <trkpt lat="50.8712970" lon="4.2450640">
    <ele>55.4</ele>
    <time>2026-10-03T15:01:01Z</time>
   </trkpt>
   <trkpt lat="50.8712800" lon="4.2450670">
    <ele>55.2</ele>
    <time>2026-10-03T15:01:02Z</time>
   </trkpt>
   <trkpt lat="50.8712650" lon="4.2450740">
    <ele>55.1</ele>
    <time>2026-10-03T15:01:03Z</time>
   </trkpt>
   <trkpt lat="50.8712460" lon="4.2450850">
    <ele>54.9</ele>
    <time>2026-10-03T15:01:04Z</time>
   </trkpt>
   <trkpt lat="50.8712300" lon="4.2450920">
    <ele>54.7</ele>
    <time>2026-10-03T15:01:05Z</time>
   </trkpt>
   <trkpt lat="50.8712120" lon="4.2450960">
    <ele>54.5</ele>
    <time>2026-10-03T15:01:06Z</time>
   </trkpt>
   <trkpt lat="50.8712050" lon="4.2451010">
    <ele>54.5</ele>
    <time>2026-10-03T15:01:07Z</time>
   </trkpt>
   <trkpt lat="50.8711810" lon="4.2451060">
    <ele>54.2</ele>
    <time>2026-10-03T15:01:08Z</time>
   </trkpt>
   <trkpt lat="50.8711700" lon="4.2451150">
    <ele>54.1</ele>
    <time>2026-10-03T15:01:09Z</time>
   </trkpt>
   <trkpt lat="50.8711540" lon="4.2451230">
    <ele>53.9</ele>
    <time>2026-10-03T15:01:10Z</time>
   </trkpt>
   <trkpt lat="50.8711360" lon="4.2451250">
    <ele>53.7</ele>
    <time>2026-10-03T15:01:11Z</time>
   </trkpt>
   <trkpt lat="50.8711230" lon="4.2451290">
    <ele>53.6</ele>
    <time>2026-10-03T15:01:12Z</time>
   </trkpt>
   <trkpt lat="50.8710980" lon="4.2451330">
    <ele>53.3</ele>
    <time>2026-10-03T15:01:13Z</time>
   </trkpt>
   <trkpt lat="50.8710860" lon="4.2451410">
    <ele>53.2</ele>
    <time>2026-10-03T15:01:14Z</time>
   </trkpt>
   <trkpt lat="50.8710560" lon="4.2451490">
    <ele>52.8</ele>
    <time>2026-10-03T15:01:15Z</time>
   </trkpt>
   <trkpt lat="50.8710460" lon="4.2451500">
    <ele>52.7</ele>
    <time>2026-10-03T15:01:16Z</time>
   </trkpt>
   <trkpt lat="50.8710290" lon="4.2451560">
    <ele>52.5</ele>
    <time>2026-10-03T15:01:17Z</time>
   </trkpt>
   <trkpt lat="50.8710130" lon="4.2451600">
    <ele>52.3</ele>
    <time>2026-10-03T15:01:18Z</time>
   </trkpt>
   <trkpt lat="50.8709970" lon="4.2451630">
    <ele>52.1</ele>
    <time>2026-10-03T15:01:19Z</time>
   </trkpt>
   <trkpt lat="50.8709740" lon="4.2451690">
    <ele>51.8</ele>
    <time>2026-10-03T15:01:20Z</time>
   </trkpt>
   <trkpt lat="50.8709620" lon="4.2451700">
    <ele>51.7</ele>
    <time>2026-10-03T15:01:21Z</time>
   </trkpt>
   <trkpt lat="50.8709340" lon="4.2451770">
    <ele>51.4</ele>
    <time>2026-10-03T15:01:22Z</time>
   </trkpt>
   <trkpt lat="50.8709240" lon="4.2451760">
    <ele>51.3</ele>
    <time>2026-10-03T15:01:23Z</time>
   </trkpt>
   <trkpt lat="50.8709030" lon="4.2451700">
    <ele>51.0</ele>
    <time>2026-10-03T15:01:24Z</time>
   </trkpt>
   <trkpt lat="50.8708940" lon="4.2451760">
    <ele>50.9</ele>
    <time>2026-10-03T15:01:25Z</time>
   </trkpt>
   <trkpt lat="50.8708670" lon="4.2451850">
    <ele>50.6</ele>
    <time>2026-10-03T15:01:26Z</time>
   </trkpt>
   <trkpt lat="50.8708570" lon="4.2451870">
    <ele>50.5</ele>
    <time>2026-10-03T15:01:27Z</time>
   </trkpt>
   <trkpt lat="50.8708300" lon="4.2451970">
    <ele>50.2</ele>
    <time>2026-10-03T15:01:28Z</time>
   </trkpt>
   <trkpt lat="50.8708210" lon="4.2451970">
    <ele>50.1</ele>
    <time>2026-10-03T15:01:29Z</time>
   </trkpt>
   <trkpt lat="50.8707980" lon="4.2452010">
    <ele>49.9</ele>
    <time>2026-10-03T15:01:30Z</time>
   </trkpt>
   <trkpt lat="50.8707790" lon="4.2452100">
    <ele>49.7</ele>
    <time>2026-10-03T15:01:31Z</time>
   </trkpt>
   <trkpt lat="50.8707600" lon="4.2452160">
    <ele>49.5</ele>
    <time>2026-10-03T15:01:32Z</time>
   </trkpt>
   <trkpt lat="50.8707430" lon="4.2452160">
    <ele>49.3</ele>
    <time>2026-10-03T15:01:33Z</time>
   </trkpt>
   <trkpt lat="50.8707250" lon="4.2452210">
    <ele>49.1</ele>
    <time>2026-10-03T15:01:34Z</time>
   </trkpt>
   <trkpt lat="50.8707050" lon="4.2452240">
    <ele>48.9</ele>
    <time>2026-10-03T15:01:35Z</time>
   </trkpt>
   <trkpt lat="50.8706860" lon="4.2452250">
    <ele>48.8</ele>
    <time>2026-10-03T15:01:36Z</time>
   </trkpt>
   <trkpt lat="50.8706660" lon="4.2452240">
    <ele>48.6</ele>
    <time>2026-10-03T15:01:37Z</time>
   </trkpt>
   <trkpt lat="50.8706440" lon="4.2452260">
    <ele>48.4</ele>
    <time>2026-10-03T15:01:38Z</time>
   </trkpt>
   <trkpt lat="50.8706260" lon="4.2452270">
    <ele>48.2</ele>
    <time>2026-10-03T15:01:39Z</time>
   </trkpt>
   <trkpt lat="50.8706070" lon="4.2452260">
    <ele>48.1</ele>
    <time>2026-10-03T15:01:40Z</time>
   </trkpt>
   <trkpt lat="50.8705820" lon="4.2452340">
    <ele>47.8</ele>
    <time>2026-10-03T15:01:41Z</time>
   </trkpt>
   <trkpt lat="50.8705580" lon="4.2452400">
    <ele>47.6</ele>
    <time>2026-10-03T15:01:42Z</time>
   </trkpt>
   <trkpt lat="50.8705380" lon="4.2452470">
    <ele>47.4</ele>
    <time>2026-10-03T15:01:43Z</time>
   </trkpt>
   <trkpt lat="50.8705220" lon="4.2452620">
    <ele>47.3</ele>
    <time>2026-10-03T15:01:44Z</time>
   </trkpt>
   <trkpt lat="50.8705020" lon="4.2452740">
    <ele>47.1</ele>
    <time>2026-10-03T15:01:45Z</time>
   </trkpt>
   <trkpt lat="50.8704850" lon="4.2452680">
    <ele>47.0</ele>
    <time>2026-10-03T15:01:46Z</time>
   </trkpt>
   <trkpt lat="50.8704670" lon="4.2452740">
    <ele>46.8</ele>
    <time>2026-10-03T15:01:47Z</time>
   </trkpt>
   <trkpt lat="50.8704560" lon="4.2452700">
    <ele>46.7</ele>
    <time>2026-10-03T15:01:48Z</time>
   </trkpt>
   <trkpt lat="50.8704510" lon="4.2452900">
    <ele>46.6</ele>
    <time>2026-10-03T15:01:49Z</time>
   </trkpt>
   <trkpt lat="50.8704440" lon="4.2453050">
    <ele>46.5</ele>
    <time>2026-10-03T15:01:50Z</time>
   </trkpt>
   <trkpt lat="50.8704380" lon="4.2453360">
    <ele>46.4</ele>
    <time>2026-10-03T15:01:51Z</time>
   </trkpt>
   <trkpt lat="50.8704310" lon="4.2453830">
    <ele>46.1</ele>
    <time>2026-10-03T15:01:52Z</time>
   </trkpt>
   <trkpt lat="50.8704270" lon="4.2454180">
    <ele>46.0</ele>
    <time>2026-10-03T15:01:53Z</time>
   </trkpt>
   <trkpt lat="50.8704230" lon="4.2454490">
    <ele>46.1</ele>
    <time>2026-10-03T15:01:54Z</time>
   </trkpt>
   <trkpt lat="50.8704190" lon="4.2454830">
    <ele>46.2</ele>
    <time>2026-10-03T15:01:55Z</time>
   </trkpt>
   <trkpt lat="50.8704130" lon="4.2455230">
    <ele>46.4</ele>
    <time>2026-10-03T15:01:56Z</time>
   </trkpt>
   <trkpt lat="50.8704140" lon="4.2455460">
    <ele>46.5</ele>
    <time>2026-10-03T15:01:57Z</time>
   </trkpt>
   <trkpt lat="50.8704160" lon="4.2455800">
    <ele>46.6</ele>
    <time>2026-10-03T15:01:58Z</time>
   </trkpt>
   <trkpt lat="50.8704230" lon="4.2456020">
    <ele>46.7</ele>
    <time>2026-10-03T15:01:59Z</time>
   </trkpt>
   <trkpt lat="50.8704350" lon="4.2456220">
    <ele>46.9</ele>
    <time>2026-10-03T15:02:00Z</time>
   </trkpt>
   <trkpt lat="50.8704250" lon="4.2456510">
    <ele>47.0</ele>
    <time>2026-10-03T15:02:01Z</time>
   </trkpt>
   <trkpt lat="50.8704100" lon="4.2456690">
    <ele>47.1</ele>
    <time>2026-10-03T15:02:02Z</time>
   </trkpt>
   <trkpt lat="50.8704060" lon="4.2456940">
    <ele>47.2</ele>
    <time>2026-10-03T15:02:03Z</time>
   </trkpt>
   <trkpt lat="50.8704120" lon="4.2457220">
    <ele>47.3</ele>
    <time>2026-10-03T15:02:04Z</time>
   </trkpt>
   <trkpt lat="50.8704270" lon="4.2457200">
    <ele>47.4</ele>
    <time>2026-10-03T15:02:05Z</time>
   </trkpt>
   <trkpt lat="50.8704360" lon="4.2457510">
    <ele>47.6</ele>
    <time>2026-10-03T15:02:06Z</time>
   </trkpt>
   <trkpt lat="50.8704500" lon="4.2457730">
    <ele>47.7</ele>
    <time>2026-10-03T15:02:07Z</time>
   </trkpt>
   <trkpt lat="50.8704620" lon="4.2457940">
    <ele>47.8</ele>
    <time>2026-10-03T15:02:08Z</time>
   </trkpt>
   <trkpt lat="50.8704710" lon="4.2458240">
    <ele>47.9</ele>
    <time>2026-10-03T15:02:09Z</time>
   </trkpt>
   <trkpt lat="50.8704840" lon="4.2458420">
    <ele>48.0</ele>
    <time>2026-10-03T15:02:10Z</time>
   </trkpt>
   <trkpt lat="50.8704990" lon="4.2458620">
    <ele>48.2</ele>
    <time>2026-10-03T15:02:11Z</time>
   </trkpt>
   <trkpt lat="50.8705240" lon="4.2458790">
    <ele>48.3</ele>
    <time>2026-10-03T15:02:12Z</time>
   </trkpt>
   <trkpt lat="50.8705330" lon="4.2459070">
    <ele>48.5</ele>
    <time>2026-10-03T15:02:13Z</time>
   </trkpt>
   <trkpt lat="50.8705460" lon="4.2459300">
    <ele>48.6</ele>
    <time>2026-10-03T15:02:14Z</time>
   </trkpt>
   <trkpt lat="50.8705640" lon="4.2459550">
    <ele>48.7</ele>
    <time>2026-10-03T15:02:15Z</time>
   </trkpt>
   <trkpt lat="50.8705770" lon="4.2459770">
    <ele>48.8</ele>
    <time>2026-10-03T15:02:16Z</time>
   </trkpt>
   <trkpt lat="50.8705920" lon="4.2460000">
    <ele>49.0</ele>
    <time>2026-10-03T15:02:17Z</time>
   </trkpt>
   <trkpt lat="50.8706000" lon="4.2460300">
    <ele>49.1</ele>
    <time>2026-10-03T15:02:18Z</time>
   </trkpt>
   <trkpt lat="50.8706140" lon="4.2460570">
    <ele>49.2</ele>
    <time>2026-10-03T15:02:19Z</time>
   </trkpt>
   <trkpt lat="50.8706160" lon="4.2460900">
    <ele>49.4</ele>
    <time>2026-10-03T15:02:20Z</time>
   </trkpt>
   <trkpt lat="50.8706260" lon="4.2461120">
    <ele>49.5</ele>
    <time>2026-10-03T15:02:21Z</time>
   </trkpt>
   <trkpt lat="50.8706220" lon="4.2461270">
    <ele>49.5</ele>
    <time>2026-10-03T15:02:22Z</time>
   </trkpt>
   <trkpt lat="50.8706300" lon="4.2461600">
    <ele>49.7</ele>
    <time>2026-10-03T15:02:23Z</time>
   </trkpt>
   <trkpt lat="50.8706380" lon="4.2461900">
    <ele>49.8</ele>
    <time>2026-10-03T15:02:24Z</time>
   </trkpt>
   <trkpt lat="50.8706420" lon="4.2462190">
    <ele>49.9</ele>
    <time>2026-10-03T15:02:25Z</time>
   </trkpt>
   <trkpt lat="50.8706600" lon="4.2462380">
    <ele>50.0</ele>
    <time>2026-10-03T15:02:26Z</time>
   </trkpt>
   <trkpt lat="50.8706570" lon="4.2462630">
    <ele>50.1</ele>
    <time>2026-10-03T15:02:27Z</time>
   </trkpt>
   <trkpt lat="50.8706700" lon="4.2462960">
    <ele>50.2</ele>
    <time>2026-10-03T15:02:28Z</time>
   </trkpt>
   <trkpt lat="50.8706780" lon="4.2463270">
    <ele>50.3</ele>
    <time>2026-10-03T15:02:29Z</time>
   </trkpt>
   <trkpt lat="50.8706810" lon="4.2463580">
    <ele>50.4</ele>
    <time>2026-10-03T15:02:30Z</time>
   </trkpt>
   <trkpt lat="50.8706810" lon="4.2463870">
    <ele>50.5</ele>
    <time>2026-10-03T15:02:31Z</time>
   </trkpt>
   <trkpt lat="50.8706760" lon="4.2464210">
    <ele>50.6</ele>
    <time>2026-10-03T15:02:32Z</time>
   </trkpt>
   <trkpt lat="50.8706760" lon="4.2464480">
    <ele>50.6</ele>
    <time>2026-10-03T15:02:33Z</time>
   </trkpt>
   <trkpt lat="50.8706720" lon="4.2464730">
    <ele>50.6</ele>
    <time>2026-10-03T15:02:34Z</time>
   </trkpt>
   <trkpt lat="50.8706870" lon="4.2464920">
    <ele>50.6</ele>
    <time>2026-10-03T15:02:35Z</time>
   </trkpt>
   <trkpt lat="50.8706950" lon="4.2465250">
    <ele>50.6</ele>
    <time>2026-10-03T15:02:36Z</time>
   </trkpt>
   <trkpt lat="50.8706940" lon="4.2465510">
    <ele>50.6</ele>
    <time>2026-10-03T15:02:37Z</time>
   </trkpt>
   <trkpt lat="50.8706950" lon="4.2465790">
    <ele>50.6</ele>
    <time>2026-10-03T15:02:38Z</time>
   </trkpt>
   <trkpt lat="50.8707020" lon="4.2466090">
    <ele>50.6</ele>
    <time>2026-10-03T15:02:39Z</time>
   </trkpt>
   <trkpt lat="50.8707080" lon="4.2466380">
    <ele>50.6</ele>
    <time>2026-10-03T15:02:40Z</time>
   </trkpt>
   <trkpt lat="50.8707080" lon="4.2466660">
    <ele>50.6</ele>
    <time>2026-10-03T15:02:41Z</time>
   </trkpt>
   <trkpt lat="50.8707020" lon="4.2466910">
    <ele>50.5</ele>
    <time>2026-10-03T15:02:42Z</time>
   </trkpt>
   <trkpt lat="50.8706920" lon="4.2467170">
    <ele>50.5</ele>
    <time>2026-10-03T15:02:43Z</time>
   </trkpt>
   <trkpt lat="50.8706730" lon="4.2467400">
    <ele>50.4</ele>
    <time>2026-10-03T15:02:44Z</time>
   </trkpt>
   <trkpt lat="50.8706590" lon="4.2467670">
    <ele>50.4</ele>
    <time>2026-10-03T15:02:45Z</time>
   </trkpt>
   <trkpt lat="50.8706450" lon="4.2468000">
    <ele>50.3</ele>
    <time>2026-10-03T15:02:46Z</time>
   </trkpt>
   <trkpt lat="50.8706580" lon="4.2468250">
    <ele>50.3</ele>
    <time>2026-10-03T15:02:47Z</time>
   </trkpt>
   <trkpt lat="50.8706560" lon="4.2468550">
    <ele>50.3</ele>
    <time>2026-10-03T15:02:48Z</time>
   </trkpt>
   <trkpt lat="50.8706470" lon="4.2468870">
    <ele>50.2</ele>
    <time>2026-10-03T15:02:49Z</time>
   </trkpt>
   <trkpt lat="50.8706440" lon="4.2469140">
    <ele>50.2</ele>
    <time>2026-10-03T15:02:50Z</time>
   </trkpt>
   <trkpt lat="50.8706410" lon="4.2469430">
    <ele>50.1</ele>
    <time>2026-10-03T15:02:51Z</time>
   </trkpt>
   <trkpt lat="50.8706280" lon="4.2469820">
    <ele>50.1</ele>
    <time>2026-10-03T15:02:52Z</time>
   </trkpt>
   <trkpt lat="50.8706240" lon="4.2470100">
    <ele>50.0</ele>
    <time>2026-10-03T15:02:53Z</time>
   </trkpt>
   <trkpt lat="50.8706170" lon="4.2470390">
    <ele>50.0</ele>
    <time>2026-10-03T15:02:54Z</time>
   </trkpt>
   <trkpt lat="50.8706140" lon="4.2470680">
    <ele>49.9</ele>
    <time>2026-10-03T15:02:55Z</time>
   </trkpt>
   <trkpt lat="50.8706060" lon="4.2470950">
    <ele>49.9</ele>
    <time>2026-10-03T15:02:56Z</time>
   </trkpt>
   <trkpt lat="50.8706070" lon="4.2471240">
    <ele>49.8</ele>
    <time>2026-10-03T15:02:57Z</time>
   </trkpt>
   <trkpt lat="50.8706050" lon="4.2471550">
    <ele>49.8</ele>
    <time>2026-10-03T15:02:58Z</time>
   </trkpt>
   <trkpt lat="50.8706020" lon="4.2471810">
    <ele>49.7</ele>
    <time>2026-10-03T15:02:59Z</time>
   </trkpt>
   <trkpt lat="50.8705990" lon="4.2472050">
    <ele>49.7</ele>
    <time>2026-10-03T15:03:00Z</time>
   </trkpt>
   <trkpt lat="50.8705900" lon="4.2472320">
    <ele>49.7</ele>
    <time>2026-10-03T15:03:01Z</time>
   </trkpt>
   <trkpt lat="50.8705840" lon="4.2472580">
    <ele>49.6</ele>
    <time>2026-10-03T15:03:02Z</time>
   </trkpt>
   <trkpt lat="50.8705770" lon="4.2472800">
    <ele>49.6</ele>
    <time>2026-10-03T15:03:03Z</time>
   </trkpt>
   <trkpt lat="50.8705740" lon="4.2473060">
    <ele>49.6</ele>
    <time>2026-10-03T15:03:04Z</time>
   </trkpt>
   <trkpt lat="50.8705710" lon="4.2473410">
    <ele>49.5</ele>
    <time>2026-10-03T15:03:05Z</time>
   </trkpt>
   <trkpt lat="50.8705690" lon="4.2473630">
    <ele>49.5</ele>
    <time>2026-10-03T15:03:06Z</time>
   </trkpt>
   <trkpt lat="50.8705650" lon="4.2473850">
    <ele>49.5</ele>
    <time>2026-10-03T15:03:07Z</time>
   </trkpt>
   <trkpt lat="50.8705540" lon="4.2474110">
    <ele>49.4</ele>
    <time>2026-10-03T15:03:08Z</time>
   </trkpt>
   <trkpt lat="50.8705530" lon="4.2474440">
    <ele>49.4</ele>
    <time>2026-10-03T15:03:09Z</time>
   </trkpt>
   <trkpt lat="50.8705470" lon="4.2474760">
    <ele>49.3</ele>
    <time>2026-10-03T15:03:10Z</time>
   </trkpt>
   <trkpt lat="50.8705440" lon="4.2475030">
    <ele>49.3</ele>
    <time>2026-10-03T15:03:11Z</time>
   </trkpt>
   <trkpt lat="50.8705360" lon="4.2475240">
    <ele>49.3</ele>
    <time>2026-10-03T15:03:12Z</time>
   </trkpt>
   <trkpt lat="50.8705290" lon="4.2475520">
    <ele>49.2</ele>
    <time>2026-10-03T15:03:13Z</time>
   </trkpt>
   <trkpt lat="50.8705240" lon="4.2475800">
    <ele>49.2</ele>
    <time>2026-10-03T15:03:14Z</time>
   </trkpt>
   <trkpt lat="50.8705200" lon="4.2476070">
    <ele>49.2</ele>
    <time>2026-10-03T15:03:15Z</time>
   </trkpt>
   <trkpt lat="50.8705160" lon="4.2476360">
    <ele>49.1</ele>
    <time>2026-10-03T15:03:16Z</time>
   </trkpt>
   <trkpt lat="50.8705090" lon="4.2476680">
    <ele>49.1</ele>
    <time>2026-10-03T15:03:17Z</time>
   </trkpt>
   <trkpt lat="50.8704990" lon="4.2476960">
    <ele>49.1</ele>
    <time>2026-10-03T15:03:18Z</time>
   </trkpt>
   <trkpt lat="50.8704950" lon="4.2477260">
    <ele>49.0</ele>
    <time>2026-10-03T15:03:19Z</time>
   </trkpt>
   <trkpt lat="50.8704890" lon="4.2477550">
    <ele>49.0</ele>
    <time>2026-10-03T15:03:20Z</time>
   </trkpt>
   <trkpt lat="50.8704840" lon="4.2477860">
    <ele>49.0</ele>
    <time>2026-10-03T15:03:21Z</time>
   </trkpt>
   <trkpt lat="50.8704760" lon="4.2478170">
    <ele>48.9</ele>
    <time>2026-10-03T15:03:22Z</time>
   </trkpt>
   <trkpt lat="50.8704660" lon="4.2478490">
    <ele>48.9</ele>
    <time>2026-10-03T15:03:23Z</time>
   </trkpt>
   <trkpt lat="50.8704570" lon="4.2478780">
    <ele>48.8</ele>
    <time>2026-10-03T15:03:24Z</time>
   </trkpt>
   <trkpt lat="50.8704540" lon="4.2479090">
    <ele>48.8</ele>
    <time>2026-10-03T15:03:25Z</time>
   </trkpt>
   <trkpt lat="50.8704480" lon="4.2479390">
    <ele>48.8</ele>
    <time>2026-10-03T15:03:26Z</time>
   </trkpt>
   <trkpt lat="50.8704390" lon="4.2479640">
    <ele>48.7</ele>
    <time>2026-10-03T15:03:27Z</time>
   </trkpt>
   <trkpt lat="50.8704310" lon="4.2479850">
    <ele>48.7</ele>
    <time>2026-10-03T15:03:28Z</time>
   </trkpt>
   <trkpt lat="50.8704250" lon="4.2480160">
    <ele>48.7</ele>
    <time>2026-10-03T15:03:29Z</time>
   </trkpt>
   <trkpt lat="50.8704130" lon="4.2480460">
    <ele>48.6</ele>
    <time>2026-10-03T15:03:30Z</time>
   </trkpt>
   <trkpt lat="50.8704050" lon="4.2480670">
    <ele>48.6</ele>
    <time>2026-10-03T15:03:31Z</time>
   </trkpt>
   <trkpt lat="50.8703930" lon="4.2480760">
    <ele>48.6</ele>
    <time>2026-10-03T15:03:32Z</time>
   </trkpt>
   <trkpt lat="50.8703800" lon="4.2481040">
    <ele>48.5</ele>
    <time>2026-10-03T15:03:33Z</time>
   </trkpt>
   <trkpt lat="50.8703680" lon="4.2481370">
    <ele>48.5</ele>
    <time>2026-10-03T15:03:34Z</time>
   </trkpt>
   <trkpt lat="50.8703620" lon="4.2481670">
    <ele>48.5</ele>
    <time>2026-10-03T15:03:35Z</time>
   </trkpt>
   <trkpt lat="50.8703530" lon="4.2481830">
    <ele>48.4</ele>
    <time>2026-10-03T15:03:36Z</time>
   </trkpt>
   <trkpt lat="50.8703440" lon="4.2482120">
    <ele>48.4</ele>
    <time>2026-10-03T15:03:37Z</time>
   </trkpt>
   <trkpt lat="50.8703380" lon="4.2482360">
    <ele>48.4</ele>
    <time>2026-10-03T15:03:38Z</time>
   </trkpt>
   <trkpt lat="50.8703260" lon="4.2482630">
    <ele>48.3</ele>
    <time>2026-10-03T15:03:39Z</time>
   </trkpt>
   <trkpt lat="50.8703130" lon="4.2482910">
    <ele>48.3</ele>
    <time>2026-10-03T15:03:40Z</time>
   </trkpt>
   <trkpt lat="50.8703010" lon="4.2483160">
    <ele>48.3</ele>
    <time>2026-10-03T15:03:41Z</time>
   </trkpt>
   <trkpt lat="50.8702930" lon="4.2483440">
    <ele>48.2</ele>
    <time>2026-10-03T15:03:42Z</time>
   </trkpt>
   <trkpt lat="50.8702780" lon="4.2483700">
    <ele>48.2</ele>
    <time>2026-10-03T15:03:43Z</time>
   </trkpt>
   <trkpt lat="50.8702670" lon="4.2483870">
    <ele>48.2</ele>
    <time>2026-10-03T15:03:44Z</time>
   </trkpt>
   <trkpt lat="50.8702560" lon="4.2484110">
    <ele>48.1</ele>
    <time>2026-10-03T15:03:45Z</time>
   </trkpt>
   <trkpt lat="50.8702470" lon="4.2484440">
    <ele>48.1</ele>
    <time>2026-10-03T15:03:46Z</time>
   </trkpt>
   <trkpt lat="50.8702400" lon="4.2484680">
    <ele>48.1</ele>
    <time>2026-10-03T15:03:47Z</time>
   </trkpt>
   <trkpt lat="50.8702300" lon="4.2484940">
    <ele>48.0</ele>
    <time>2026-10-03T15:03:48Z</time>
   </trkpt>
   <trkpt lat="50.8702170" lon="4.2485200">
    <ele>48.0</ele>
    <time>2026-10-03T15:03:49Z</time>
   </trkpt>
   <trkpt lat="50.8702060" lon="4.2485300">
    <ele>48.0</ele>
    <time>2026-10-03T15:03:50Z</time>
   </trkpt>
   <trkpt lat="50.8701920" lon="4.2485580">
    <ele>48.0</ele>
    <time>2026-10-03T15:03:51Z</time>
   </trkpt>
   <trkpt lat="50.8701770" lon="4.2485880">
    <ele>47.9</ele>
    <time>2026-10-03T15:03:52Z</time>
   </trkpt>
   <trkpt lat="50.8701660" lon="4.2486120">
    <ele>47.9</ele>
    <time>2026-10-03T15:03:53Z</time>
   </trkpt>
   <trkpt lat="50.8701530" lon="4.2486410">
    <ele>47.9</ele>
    <time>2026-10-03T15:03:54Z</time>
   </trkpt>
   <trkpt lat="50.8701440" lon="4.2486730">
    <ele>47.9</ele>
    <time>2026-10-03T15:03:55Z</time>
   </trkpt>
   <trkpt lat="50.8701330" lon="4.2487030">
    <ele>47.8</ele>
    <time>2026-10-03T15:03:56Z</time>
   </trkpt>
   <trkpt lat="50.8701230" lon="4.2487370">
    <ele>47.8</ele>
    <time>2026-10-03T15:03:57Z</time>
   </trkpt>
   <trkpt lat="50.8701070" lon="4.2487610">
    <ele>47.8</ele>
    <time>2026-10-03T15:03:58Z</time>
   </trkpt>
   <trkpt lat="50.8700960" lon="4.2487800">
    <ele>47.8</ele>
    <time>2026-10-03T15:03:59Z</time>
   </trkpt>
   <trkpt lat="50.8700850" lon="4.2488090">
    <ele>47.8</ele>
    <time>2026-10-03T15:04:00Z</time>
   </trkpt>
   <trkpt lat="50.8700720" lon="4.2488320">
    <ele>47.8</ele>
    <time>2026-10-03T15:04:01Z</time>
   </trkpt>
   <trkpt lat="50.8700620" lon="4.2488580">
    <ele>47.7</ele>
    <time>2026-10-03T15:04:02Z</time>
   </trkpt>
   <trkpt lat="50.8700500" lon="4.2488770">
    <ele>47.7</ele>
    <time>2026-10-03T15:04:03Z</time>
   </trkpt>
   <trkpt lat="50.8700370" lon="4.2489050">
    <ele>47.7</ele>
    <time>2026-10-03T15:04:04Z</time>
   </trkpt>
   <trkpt lat="50.8700250" lon="4.2489380">
    <ele>47.7</ele>
    <time>2026-10-03T15:04:05Z</time>
   </trkpt>
   <trkpt lat="50.8700120" lon="4.2489580">
    <ele>47.7</ele>
    <time>2026-10-03T15:04:06Z</time>
   </trkpt>
   <trkpt lat="50.8700010" lon="4.2489820">
    <ele>47.7</ele>
    <time>2026-10-03T15:04:07Z</time>
   </trkpt>
   <trkpt lat="50.8699900" lon="4.2490130">
    <ele>47.7</ele>
    <time>2026-10-03T15:04:08Z</time>
   </trkpt>
   <trkpt lat="50.8699740" lon="4.2490400">
    <ele>47.7</ele>
    <time>2026-10-03T15:04:09Z</time>
   </trkpt>
   <trkpt lat="50.8699600" lon="4.2490630">
    <ele>47.7</ele>
    <time>2026-10-03T15:04:10Z</time>
   </trkpt>
   <trkpt lat="50.8699500" lon="4.2490910">
    <ele>47.6</ele>
    <time>2026-10-03T15:04:11Z</time>
   </trkpt>
   <trkpt lat="50.8699400" lon="4.2491200">
    <ele>47.6</ele>
    <time>2026-10-03T15:04:12Z</time>
   </trkpt>
   <trkpt lat="50.8699290" lon="4.2491340">
    <ele>47.6</ele>
    <time>2026-10-03T15:04:13Z</time>
   </trkpt>
   <trkpt lat="50.8699190" lon="4.2491600">
    <ele>47.6</ele>
    <time>2026-10-03T15:04:14Z</time>
   </trkpt>
   <trkpt lat="50.8699030" lon="4.2491720">
    <ele>47.6</ele>
    <time>2026-10-03T15:04:15Z</time>
   </trkpt>
   <trkpt lat="50.8698900" lon="4.2491960">
    <ele>47.6</ele>
    <time>2026-10-03T15:04:16Z</time>
   </trkpt>
   <trkpt lat="50.8698820" lon="4.2492250">
    <ele>47.6</ele>
    <time>2026-10-03T15:04:17Z</time>
   </trkpt>
   <trkpt lat="50.8698660" lon="4.2492420">
    <ele>47.6</ele>
    <time>2026-10-03T15:04:18Z</time>
   </trkpt>
   <trkpt lat="50.8698520" lon="4.2492670">
    <ele>47.6</ele>
    <time>2026-10-03T15:04:19Z</time>
   </trkpt>
   <trkpt lat="50.8698370" lon="4.2492860">
    <ele>47.5</ele>
    <time>2026-10-03T15:04:20Z</time>
   </trkpt>
   <trkpt lat="50.8698230" lon="4.2493050">
    <ele>47.5</ele>
    <time>2026-10-03T15:04:21Z</time>
   </trkpt>
   <trkpt lat="50.8698060" lon="4.2493270">
    <ele>47.5</ele>
    <time>2026-10-03T15:04:22Z</time>
   </trkpt>
   <trkpt lat="50.8697950" lon="4.2493540">
    <ele>47.5</ele>
    <time>2026-10-03T15:04:23Z</time>
   </trkpt>
   <trkpt lat="50.8697840" lon="4.2493710">
    <ele>47.5</ele>
    <time>2026-10-03T15:04:24Z</time>
   </trkpt>
   <trkpt lat="50.8697690" lon="4.2493920">
    <ele>47.5</ele>
    <time>2026-10-03T15:04:25Z</time>
   </trkpt>
   <trkpt lat="50.8697500" lon="4.2494150">
    <ele>47.5</ele>
    <time>2026-10-03T15:04:26Z</time>
   </trkpt>
   <trkpt lat="50.8697340" lon="4.2494350">
    <ele>47.5</ele>
    <time>2026-10-03T15:04:27Z</time>
   </trkpt>
   <trkpt lat="50.8697220" lon="4.2494560">
    <ele>47.4</ele>
    <time>2026-10-03T15:04:28Z</time>
   </trkpt>
   <trkpt lat="50.8697090" lon="4.2494800">
    <ele>47.4</ele>
    <time>2026-10-03T15:04:29Z</time>
   </trkpt>
   <trkpt lat="50.8696950" lon="4.2495000">
    <ele>47.4</ele>
    <time>2026-10-03T15:04:30Z</time>
   </trkpt>
   <trkpt lat="50.8696830" lon="4.2495280">
    <ele>47.4</ele>
    <time>2026-10-03T15:04:31Z</time>
   </trkpt>
   <trkpt lat="50.8696700" lon="4.2495420">
    <ele>47.4</ele>
    <time>2026-10-03T15:04:32Z</time>
   </trkpt>
   <trkpt lat="50.8696550" lon="4.2495630">
    <ele>47.4</ele>
    <time>2026-10-03T15:04:33Z</time>
   </trkpt>
   <trkpt lat="50.8696370" lon="4.2495850">
    <ele>47.3</ele>
    <time>2026-10-03T15:04:34Z</time>
   </trkpt>
   <trkpt lat="50.8696240" lon="4.2496050">
    <ele>47.3</ele>
    <time>2026-10-03T15:04:35Z</time>
   </trkpt>
   <trkpt lat="50.8696100" lon="4.2496260">
    <ele>47.3</ele>
    <time>2026-10-03T15:04:36Z</time>
   </trkpt>
   <trkpt lat="50.8695970" lon="4.2496420">
    <ele>47.3</ele>
    <time>2026-10-03T15:04:37Z</time>
   </trkpt>
   <trkpt lat="50.8695830" lon="4.2496680">
    <ele>47.3</ele>
    <time>2026-10-03T15:04:38Z</time>
   </trkpt>
   <trkpt lat="50.8695740" lon="4.2496850">
    <ele>47.3</ele>
    <time>2026-10-03T15:04:39Z</time>
   </trkpt>
   <trkpt lat="50.8695580" lon="4.2497070">
    <ele>47.3</ele>
    <time>2026-10-03T15:04:40Z</time>
   </trkpt>
   <trkpt lat="50.8695400" lon="4.2497260">
    <ele>47.2</ele>
    <time>2026-10-03T15:04:41Z</time>
   </trkpt>
   <trkpt lat="50.8695250" lon="4.2497490">
    <ele>47.2</ele>
    <time>2026-10-03T15:04:42Z</time>
   </trkpt>
   <trkpt lat="50.8695130" lon="4.2497690">
    <ele>47.2</ele>
    <time>2026-10-03T15:04:43Z</time>
   </trkpt>
   <trkpt lat="50.8695010" lon="4.2497890">
    <ele>47.2</ele>
    <time>2026-10-03T15:04:44Z</time>
   </trkpt>
   <trkpt lat="50.8694860" lon="4.2498040">
    <ele>47.2</ele>
    <time>2026-10-03T15:04:45Z</time>
   </trkpt>
   <trkpt lat="50.8694760" lon="4.2498300">
    <ele>47.2</ele>
    <time>2026-10-03T15:04:46Z</time>
   </trkpt>
   <trkpt lat="50.8694650" lon="4.2498520">
    <ele>47.2</ele>
    <time>2026-10-03T15:04:47Z</time>
   </trkpt>
   <trkpt lat="50.8694480" lon="4.2498750">
    <ele>47.2</ele>
    <time>2026-10-03T15:04:48Z</time>
   </trkpt>
   <trkpt lat="50.8694330" lon="4.2498900">
    <ele>47.2</ele>
    <time>2026-10-03T15:04:49Z</time>
   </trkpt>
   <trkpt lat="50.8694150" lon="4.2499080">
    <ele>47.2</ele>
    <time>2026-10-03T15:04:50Z</time>
   </trkpt>
   <trkpt lat="50.8694030" lon="4.2499280">
    <ele>47.2</ele>
    <time>2026-10-03T15:04:51Z</time>
   </trkpt>
   <trkpt lat="50.8693920" lon="4.2499660">
    <ele>47.2</ele>
    <time>2026-10-03T15:04:52Z</time>
   </trkpt>
   <trkpt lat="50.8693790" lon="4.2500040">
    <ele>47.2</ele>
    <time>2026-10-03T15:04:53Z</time>
   </trkpt>
   <trkpt lat="50.8693690" lon="4.2500310">
    <ele>47.2</ele>
    <time>2026-10-03T15:04:54Z</time>
   </trkpt>
   <trkpt lat="50.8693600" lon="4.2500710">
    <ele>47.2</ele>
    <time>2026-10-03T15:04:55Z</time>
   </trkpt>
   <trkpt lat="50.8693510" lon="4.2500930">
    <ele>47.2</ele>
    <time>2026-10-03T15:04:56Z</time>
   </trkpt>
   <trkpt lat="50.8693380" lon="4.2501170">
    <ele>47.2</ele>
    <time>2026-10-03T15:04:57Z</time>
   </trkpt>
   <trkpt lat="50.8693290" lon="4.2501340">
    <ele>47.2</ele>
    <time>2026-10-03T15:04:58Z</time>
   </trkpt>
   <trkpt lat="50.8693210" lon="4.2501630">
    <ele>47.2</ele>
    <time>2026-10-03T15:04:59Z</time>
   </trkpt>
   <trkpt lat="50.8693100" lon="4.2501900">
    <ele>47.2</ele>
    <time>2026-10-03T15:05:00Z</time>
   </trkpt>
   <trkpt lat="50.8692980" lon="4.2502180">
    <ele>47.2</ele>
    <time>2026-10-03T15:05:01Z</time>
   </trkpt>
   <trkpt lat="50.8692840" lon="4.2502440">
    <ele>47.2</ele>
    <time>2026-10-03T15:05:02Z</time>
   </trkpt>
   <trkpt lat="50.8692750" lon="4.2502650">
    <ele>47.2</ele>
    <time>2026-10-03T15:05:03Z</time>
   </trkpt>
   <trkpt lat="50.8692650" lon="4.2502980">
    <ele>47.2</ele>
    <time>2026-10-03T15:05:04Z</time>
   </trkpt>
   <trkpt lat="50.8692560" lon="4.2503260">
    <ele>47.2</ele>
    <time>2026-10-03T15:05:05Z</time>
   </trkpt>
   <trkpt lat="50.8692500" lon="4.2503510">
    <ele>47.2</ele>
    <time>2026-10-03T15:05:06Z</time>
   </trkpt>
   <trkpt lat="50.8692390" lon="4.2503810">
    <ele>47.2</ele>
    <time>2026-10-03T15:05:07Z</time>
   </trkpt>
   <trkpt lat="50.8692270" lon="4.2504060">
    <ele>47.2</ele>
    <time>2026-10-03T15:05:08Z</time>
   </trkpt>
   <trkpt lat="50.8692180" lon="4.2504360">
    <ele>47.2</ele>
    <time>2026-10-03T15:05:09Z</time>
   </trkpt>
   <trkpt lat="50.8692060" lon="4.2504640">
    <ele>47.2</ele>
    <time>2026-10-03T15:05:10Z</time>
   </trkpt>
   <trkpt lat="50.8691990" lon="4.2504930">
    <ele>47.2</ele>
    <time>2026-10-03T15:05:11Z</time>
   </trkpt>
   <trkpt lat="50.8691940" lon="4.2505200">
    <ele>47.3</ele>
    <time>2026-10-03T15:05:12Z</time>
   </trkpt>
   <trkpt lat="50.8691830" lon="4.2505460">
    <ele>47.3</ele>
    <time>2026-10-03T15:05:13Z</time>
   </trkpt>
   <trkpt lat="50.8691700" lon="4.2505760">
    <ele>47.3</ele>
    <time>2026-10-03T15:05:14Z</time>
   </trkpt>
   <trkpt lat="50.8691590" lon="4.2506010">
    <ele>47.3</ele>
    <time>2026-10-03T15:05:15Z</time>
   </trkpt>
   <trkpt lat="50.8691470" lon="4.2506240">
    <ele>47.3</ele>
    <time>2026-10-03T15:05:16Z</time>
   </trkpt>
   <trkpt lat="50.8691400" lon="4.2506500">
    <ele>47.3</ele>
    <time>2026-10-03T15:05:17Z</time>
   </trkpt>
   <trkpt lat="50.8691330" lon="4.2506740">
    <ele>47.4</ele>
    <time>2026-10-03T15:05:18Z</time>
   </trkpt>
   <trkpt lat="50.8691250" lon="4.2506950">
    <ele>47.4</ele>
    <time>2026-10-03T15:05:19Z</time>
   </trkpt>
   <trkpt lat="50.8691160" lon="4.2507090">
    <ele>47.4</ele>
    <time>2026-10-03T15:05:20Z</time>
   </trkpt>
   <trkpt lat="50.8691040" lon="4.2507450">
    <ele>47.4</ele>
    <time>2026-10-03T15:05:21Z</time>
   </trkpt>
   <trkpt lat="50.8690920" lon="4.2507740">
    <ele>47.4</ele>
    <time>2026-10-03T15:05:22Z</time>
   </trkpt>
   <trkpt lat="50.8690800" lon="4.2508040">
    <ele>47.4</ele>
    <time>2026-10-03T15:05:23Z</time>
   </trkpt>
   <trkpt lat="50.8690650" lon="4.2508450">
    <ele>47.4</ele>
    <time>2026-10-03T15:05:24Z</time>
   </trkpt>
   <trkpt lat="50.8690540" lon="4.2508680">
    <ele>47.4</ele>
    <time>2026-10-03T15:05:25Z</time>
   </trkpt>
   <trkpt lat="50.8690410" lon="4.2508890">
    <ele>47.4</ele>
    <time>2026-10-03T15:05:26Z</time>
   </trkpt>
   <trkpt lat="50.8690310" lon="4.2509200">
    <ele>47.4</ele>
    <time>2026-10-03T15:05:27Z</time>
   </trkpt>
   <trkpt lat="50.8690160" lon="4.2509420">
    <ele>47.4</ele>
    <time>2026-10-03T15:05:28Z</time>
   </trkpt>
   <trkpt lat="50.8690020" lon="4.2509650">
    <ele>47.4</ele>
    <time>2026-10-03T15:05:29Z</time>
   </trkpt>
   <trkpt lat="50.8690010" lon="4.2509820">
    <ele>47.4</ele>
    <time>2026-10-03T15:05:30Z</time>
   </trkpt>
   <trkpt lat="50.8689880" lon="4.2510040">
    <ele>47.4</ele>
    <time>2026-10-03T15:05:31Z</time>
   </trkpt>
   <trkpt lat="50.8689780" lon="4.2510340">
    <ele>47.4</ele>
    <time>2026-10-03T15:05:32Z</time>
   </trkpt>
   <trkpt lat="50.8689650" lon="4.2510590">
    <ele>47.4</ele>
    <time>2026-10-03T15:05:33Z</time>
   </trkpt>
   <trkpt lat="50.8689570" lon="4.2510880">
    <ele>47.3</ele>
    <time>2026-10-03T15:05:34Z</time>
   </trkpt>
   <trkpt lat="50.8689500" lon="4.2511170">
    <ele>47.3</ele>
    <time>2026-10-03T15:05:35Z</time>
   </trkpt>
   <trkpt lat="50.8689410" lon="4.2511390">
    <ele>47.3</ele>
    <time>2026-10-03T15:05:36Z</time>
   </trkpt>
   <trkpt lat="50.8689290" lon="4.2511590">
    <ele>47.3</ele>
    <time>2026-10-03T15:05:37Z</time>
   </trkpt>
   <trkpt lat="50.8689140" lon="4.2511790">
    <ele>47.3</ele>
    <time>2026-10-03T15:05:38Z</time>
   </trkpt>
   <trkpt lat="50.8688990" lon="4.2512020">
    <ele>47.3</ele>
    <time>2026-10-03T15:05:40Z</time>
   </trkpt>
   <trkpt lat="50.8688840" lon="4.2512310">
    <ele>47.3</ele>
    <time>2026-10-03T15:05:41Z</time>
   </trkpt>
   <trkpt lat="50.8688730" lon="4.2512580">
    <ele>47.3</ele>
    <time>2026-10-03T15:05:42Z</time>
   </trkpt>
   <trkpt lat="50.8688650" lon="4.2512870">
    <ele>47.3</ele>
    <time>2026-10-03T15:05:43Z</time>
   </trkpt>
   <trkpt lat="50.8688570" lon="4.2513160">
    <ele>47.3</ele>
    <time>2026-10-03T15:05:44Z</time>
   </trkpt>
   <trkpt lat="50.8688460" lon="4.2513420">
    <ele>47.3</ele>
    <time>2026-10-03T15:05:45Z</time>
   </trkpt>
   <trkpt lat="50.8688280" lon="4.2513670">
    <ele>47.3</ele>
    <time>2026-10-03T15:05:46Z</time>
   </trkpt>
   <trkpt lat="50.8688140" lon="4.2513990">
    <ele>47.3</ele>
    <time>2026-10-03T15:05:47Z</time>
   </trkpt>
   <trkpt lat="50.8688030" lon="4.2514290">
    <ele>47.2</ele>
    <time>2026-10-03T15:05:48Z</time>
   </trkpt>
   <trkpt lat="50.8687860" lon="4.2514410">
    <ele>47.2</ele>
    <time>2026-10-03T15:05:49Z</time>
   </trkpt>
   <trkpt lat="50.8687670" lon="4.2514710">
    <ele>47.2</ele>
    <time>2026-10-03T15:05:50Z</time>
   </trkpt>
   <trkpt lat="50.8687580" lon="4.2515020">
    <ele>47.2</ele>
    <time>2026-10-03T15:05:51Z</time>
   </trkpt>
   <trkpt lat="50.8687490" lon="4.2515330">
    <ele>47.2</ele>
    <time>2026-10-03T15:05:52Z</time>
   </trkpt>
   <trkpt lat="50.8687360" lon="4.2515670">
    <ele>47.2</ele>
    <time>2026-10-03T15:05:53Z</time>
   </trkpt>
   <trkpt lat="50.8687360" lon="4.2516020">
    <ele>47.2</ele>
    <time>2026-10-03T15:05:54Z</time>
   </trkpt>
   <trkpt lat="50.8687390" lon="4.2516410">
    <ele>47.2</ele>
    <time>2026-10-03T15:05:55Z</time>
   </trkpt>
   <trkpt lat="50.8687250" lon="4.2516590">
    <ele>47.2</ele>
    <time>2026-10-03T15:05:56Z</time>
   </trkpt>
   <trkpt lat="50.8687150" lon="4.2516890">
    <ele>47.2</ele>
    <time>2026-10-03T15:05:57Z</time>
   </trkpt>
   <trkpt lat="50.8686870" lon="4.2517410">
    <ele>47.2</ele>
    <time>2026-10-03T15:05:58Z</time>
   </trkpt>
   <trkpt lat="50.8686740" lon="4.2517660">
    <ele>47.2</ele>
    <time>2026-10-03T15:05:59Z</time>
   </trkpt>
   <trkpt lat="50.8686610" lon="4.2517850">
    <ele>47.2</ele>
    <time>2026-10-03T15:06:00Z</time>
   </trkpt>
   <trkpt lat="50.8686540" lon="4.2518130">
    <ele>47.2</ele>
    <time>2026-10-03T15:06:01Z</time>
   </trkpt>
   <trkpt lat="50.8686410" lon="4.2518380">
    <ele>47.2</ele>
    <time>2026-10-03T15:06:02Z</time>
   </trkpt>
   <trkpt lat="50.8686320" lon="4.2518610">
    <ele>47.1</ele>
    <time>2026-10-03T15:06:03Z</time>
   </trkpt>
   <trkpt lat="50.8686220" lon="4.2518760">
    <ele>47.1</ele>
    <time>2026-10-03T15:06:04Z</time>
   </trkpt>
   <trkpt lat="50.8686120" lon="4.2519030">
    <ele>47.1</ele>
    <time>2026-10-03T15:06:05Z</time>
   </trkpt>
   <trkpt lat="50.8685970" lon="4.2519310">
    <ele>47.1</ele>
    <time>2026-10-03T15:06:06Z</time>
   </trkpt>
   <trkpt lat="50.8685880" lon="4.2519610">
    <ele>47.1</ele>
    <time>2026-10-03T15:06:07Z</time>
   </trkpt>
   <trkpt lat="50.8685790" lon="4.2519890">
    <ele>47.1</ele>
    <time>2026-10-03T15:06:08Z</time>
   </trkpt>
   <trkpt lat="50.8685670" lon="4.2520110">
    <ele>47.1</ele>
    <time>2026-10-03T15:06:09Z</time>
   </trkpt>
   <trkpt lat="50.8685440" lon="4.2520300">
    <ele>47.1</ele>
    <time>2026-10-03T15:06:10Z</time>
   </trkpt>
   <trkpt lat="50.8685420" lon="4.2520610">
    <ele>47.1</ele>
    <time>2026-10-03T15:06:11Z</time>
   </trkpt>
   <trkpt lat="50.8685350" lon="4.2520820">
    <ele>47.1</ele>
    <time>2026-10-03T15:06:12Z</time>
   </trkpt>
   <trkpt lat="50.8685220" lon="4.2521040">
    <ele>47.1</ele>
    <time>2026-10-03T15:06:13Z</time>
   </trkpt>
   <trkpt lat="50.8685190" lon="4.2521390">
    <ele>47.1</ele>
    <time>2026-10-03T15:06:14Z</time>
   </trkpt>
   <trkpt lat="50.8685340" lon="4.2521740">
    <ele>47.1</ele>
    <time>2026-10-03T15:06:15Z</time>
   </trkpt>
   <trkpt lat="50.8685560" lon="4.2521960">
    <ele>47.1</ele>
    <time>2026-10-03T15:06:16Z</time>
   </trkpt>
   <trkpt lat="50.8685750" lon="4.2522160">
    <ele>47.1</ele>
    <time>2026-10-03T15:06:17Z</time>
   </trkpt>
   <trkpt lat="50.8685930" lon="4.2522440">
    <ele>47.1</ele>
    <time>2026-10-03T15:06:18Z</time>
   </trkpt>
   <trkpt lat="50.8686120" lon="4.2522700">
    <ele>47.1</ele>
    <time>2026-10-03T15:06:19Z</time>
   </trkpt>
   <trkpt lat="50.8686250" lon="4.2522900">
    <ele>47.1</ele>
    <time>2026-10-03T15:06:20Z</time>
   </trkpt>
   <trkpt lat="50.8686380" lon="4.2523120">
    <ele>47.1</ele>
    <time>2026-10-03T15:06:21Z</time>
   </trkpt>
   <trkpt lat="50.8686570" lon="4.2523450">
    <ele>47.2</ele>
    <time>2026-10-03T15:06:22Z</time>
   </trkpt>
   <trkpt lat="50.8686760" lon="4.2523570">
    <ele>47.2</ele>
    <time>2026-10-03T15:06:23Z</time>
   </trkpt>
   <trkpt lat="50.8686930" lon="4.2523730">
    <ele>47.2</ele>
    <time>2026-10-03T15:06:24Z</time>
   </trkpt>
   <trkpt lat="50.8687100" lon="4.2524000">
    <ele>47.2</ele>
    <time>2026-10-03T15:06:25Z</time>
   </trkpt>
   <trkpt lat="50.8687240" lon="4.2524170">
    <ele>47.3</ele>
    <time>2026-10-03T15:06:26Z</time>
   </trkpt>
   <trkpt lat="50.8687400" lon="4.2524290">
    <ele>47.3</ele>
    <time>2026-10-03T15:06:27Z</time>
   </trkpt>
   <trkpt lat="50.8687570" lon="4.2524440">
    <ele>47.3</ele>
    <time>2026-10-03T15:06:28Z</time>
   </trkpt>
   <trkpt lat="50.8687760" lon="4.2524460">
    <ele>47.4</ele>
    <time>2026-10-03T15:06:29Z</time>
   </trkpt>
   <trkpt lat="50.8687840" lon="4.2524440">
    <ele>47.4</ele>
    <time>2026-10-03T15:06:30Z</time>
   </trkpt>
   <trkpt lat="50.8687940" lon="4.2524580">
    <ele>47.4</ele>
    <time>2026-10-03T15:06:31Z</time>
   </trkpt>
   <trkpt lat="50.8688010" lon="4.2524830">
    <ele>47.4</ele>
    <time>2026-10-03T15:06:32Z</time>
   </trkpt>
   <trkpt lat="50.8688090" lon="4.2525150">
    <ele>47.5</ele>
    <time>2026-10-03T15:06:33Z</time>
   </trkpt>
   <trkpt lat="50.8688020" lon="4.2525570">
    <ele>47.5</ele>
    <time>2026-10-03T15:06:34Z</time>
   </trkpt>
   <trkpt lat="50.8687900" lon="4.2525940">
    <ele>47.6</ele>
    <time>2026-10-03T15:06:35Z</time>
   </trkpt>
   <trkpt lat="50.8687850" lon="4.2526320">
    <ele>47.7</ele>
    <time>2026-10-03T15:06:36Z</time>
   </trkpt>
   <trkpt lat="50.8687900" lon="4.2526530">
    <ele>47.7</ele>
    <time>2026-10-03T15:06:37Z</time>
   </trkpt>
   <trkpt lat="50.8688010" lon="4.2526700">
    <ele>47.7</ele>
    <time>2026-10-03T15:06:38Z</time>
   </trkpt>
   <trkpt lat="50.8688090" lon="4.2526820">
    <ele>47.8</ele>
    <time>2026-10-03T15:06:39Z</time>
   </trkpt>
   <trkpt lat="50.8688330" lon="4.2527100">
    <ele>47.8</ele>
    <time>2026-10-03T15:06:40Z</time>
   </trkpt>
   <trkpt lat="50.8688510" lon="4.2527310">
    <ele>47.9</ele>
    <time>2026-10-03T15:06:41Z</time>
   </trkpt>
   <trkpt lat="50.8688630" lon="4.2527360">
    <ele>47.9</ele>
    <time>2026-10-03T15:06:42Z</time>
   </trkpt>
   <trkpt lat="50.8688720" lon="4.2527540">
    <ele>48.0</ele>
    <time>2026-10-03T15:06:43Z</time>
   </trkpt>
   <trkpt lat="50.8688910" lon="4.2527750">
    <ele>48.0</ele>
    <time>2026-10-03T15:06:44Z</time>
   </trkpt>
   <trkpt lat="50.8689090" lon="4.2527980">
    <ele>48.1</ele>
    <time>2026-10-03T15:06:45Z</time>
   </trkpt>
   <trkpt lat="50.8689210" lon="4.2528250">
    <ele>48.2</ele>
    <time>2026-10-03T15:06:46Z</time>
   </trkpt>
   <trkpt lat="50.8689340" lon="4.2528480">
    <ele>48.2</ele>
    <time>2026-10-03T15:06:47Z</time>
   </trkpt>
   <trkpt lat="50.8689520" lon="4.2528670">
    <ele>48.3</ele>
    <time>2026-10-03T15:06:48Z</time>
   </trkpt>
   <trkpt lat="50.8689640" lon="4.2528830">
    <ele>48.3</ele>
    <time>2026-10-03T15:06:49Z</time>
   </trkpt>
   <trkpt lat="50.8689670" lon="4.2529100">
    <ele>48.4</ele>
    <time>2026-10-03T15:06:50Z</time>
   </trkpt>
   <trkpt lat="50.8689750" lon="4.2529310">
    <ele>48.5</ele>
    <time>2026-10-03T15:06:51Z</time>
   </trkpt>
   <trkpt lat="50.8689790" lon="4.2529460">
    <ele>48.5</ele>
    <time>2026-10-03T15:06:52Z</time>
   </trkpt>
   <trkpt lat="50.8689820" lon="4.2529670">
    <ele>48.5</ele>
    <time>2026-10-03T15:06:53Z</time>
   </trkpt>
   <trkpt lat="50.8689930" lon="4.2529880">
    <ele>48.6</ele>
    <time>2026-10-03T15:06:54Z</time>
   </trkpt>
   <trkpt lat="50.8690000" lon="4.2530090">
    <ele>48.6</ele>
    <time>2026-10-03T15:06:55Z</time>
   </trkpt>
   <trkpt lat="50.8690230" lon="4.2530250">
    <ele>48.7</ele>
    <time>2026-10-03T15:06:56Z</time>
   </trkpt>
   <trkpt lat="50.8690420" lon="4.2530550">
    <ele>48.8</ele>
    <time>2026-10-03T15:06:57Z</time>
   </trkpt>
   <trkpt lat="50.8690600" lon="4.2530770">
    <ele>48.9</ele>
    <time>2026-10-03T15:06:58Z</time>
   </trkpt>
   <trkpt lat="50.8690770" lon="4.2530940">
    <ele>49.0</ele>
    <time>2026-10-03T15:06:59Z</time>
   </trkpt>
   <trkpt lat="50.8690920" lon="4.2531100">
    <ele>49.0</ele>
    <time>2026-10-03T15:07:00Z</time>
   </trkpt>
   <trkpt lat="50.8691270" lon="4.2531140">
    <ele>49.1</ele>
    <time>2026-10-03T15:07:01Z</time>
   </trkpt>
   <trkpt lat="50.8691430" lon="4.2531330">
    <ele>49.2</ele>
    <time>2026-10-03T15:07:02Z</time>
   </trkpt>
   <trkpt lat="50.8691570" lon="4.2531500">
    <ele>49.3</ele>
    <time>2026-10-03T15:07:03Z</time>
   </trkpt>
   <trkpt lat="50.8691710" lon="4.2531740">
    <ele>49.3</ele>
    <time>2026-10-03T15:07:04Z</time>
   </trkpt>
   <trkpt lat="50.8691830" lon="4.2531940">
    <ele>49.4</ele>
    <time>2026-10-03T15:07:05Z</time>
   </trkpt>
   <trkpt lat="50.8691980" lon="4.2532140">
    <ele>49.4</ele>
    <time>2026-10-03T15:07:06Z</time>
   </trkpt>
   <trkpt lat="50.8692080" lon="4.2532390">
    <ele>49.5</ele>
    <time>2026-10-03T15:07:07Z</time>
   </trkpt>
   <trkpt lat="50.8692150" lon="4.2532640">
    <ele>49.6</ele>
    <time>2026-10-03T15:07:08Z</time>
   </trkpt>
   <trkpt lat="50.8692260" lon="4.2532970">
    <ele>49.6</ele>
    <time>2026-10-03T15:07:09Z</time>
   </trkpt>
   <trkpt lat="50.8692400" lon="4.2533240">
    <ele>49.7</ele>
    <time>2026-10-03T15:07:10Z</time>
   </trkpt>
   <trkpt lat="50.8692550" lon="4.2533420">
    <ele>49.8</ele>
    <time>2026-10-03T15:07:11Z</time>
   </trkpt>
   <trkpt lat="50.8692630" lon="4.2533590">
    <ele>49.8</ele>
    <time>2026-10-03T15:07:12Z</time>
   </trkpt>
   <trkpt lat="50.8692740" lon="4.2533830">
    <ele>49.9</ele>
    <time>2026-10-03T15:07:13Z</time>
   </trkpt>
   <trkpt lat="50.8692810" lon="4.2534060">
    <ele>50.0</ele>
    <time>2026-10-03T15:07:14Z</time>
   </trkpt>
   <trkpt lat="50.8692900" lon="4.2534290">
    <ele>50.0</ele>
    <time>2026-10-03T15:07:15Z</time>
   </trkpt>
   <trkpt lat="50.8692890" lon="4.2534520">
    <ele>50.1</ele>
    <time>2026-10-03T15:07:16Z</time>
   </trkpt>
   <trkpt lat="50.8692990" lon="4.2534750">
    <ele>50.2</ele>
    <time>2026-10-03T15:07:17Z</time>
   </trkpt>
   <trkpt lat="50.8693010" lon="4.2535120">
    <ele>50.2</ele>
    <time>2026-10-03T15:07:18Z</time>
   </trkpt>
   <trkpt lat="50.8693130" lon="4.2535340">
    <ele>50.3</ele>
    <time>2026-10-03T15:07:19Z</time>
   </trkpt>
   <trkpt lat="50.8693170" lon="4.2535580">
    <ele>50.3</ele>
    <time>2026-10-03T15:07:20Z</time>
   </trkpt>
   <trkpt lat="50.8693210" lon="4.2535910">
    <ele>50.3</ele>
    <time>2026-10-03T15:07:21Z</time>
   </trkpt>
   <trkpt lat="50.8693260" lon="4.2536240">
    <ele>50.4</ele>
    <time>2026-10-03T15:07:22Z</time>
   </trkpt>
   <trkpt lat="50.8693320" lon="4.2536510">
    <ele>50.4</ele>
    <time>2026-10-03T15:07:23Z</time>
   </trkpt>
   <trkpt lat="50.8693340" lon="4.2536690">
    <ele>50.4</ele>
    <time>2026-10-03T15:07:24Z</time>
   </trkpt>
   <trkpt lat="50.8693410" lon="4.2537050">
    <ele>50.5</ele>
    <time>2026-10-03T15:07:25Z</time>
   </trkpt>
   <trkpt lat="50.8693470" lon="4.2537370">
    <ele>50.5</ele>
    <time>2026-10-03T15:07:26Z</time>
   </trkpt>
   <trkpt lat="50.8693500" lon="4.2537680">
    <ele>50.5</ele>
    <time>2026-10-03T15:07:27Z</time>
   </trkpt>
   <trkpt lat="50.8693530" lon="4.2537940">
    <ele>50.6</ele>
    <time>2026-10-03T15:07:28Z</time>
   </trkpt>
   <trkpt lat="50.8693590" lon="4.2538310">
    <ele>50.6</ele>
    <time>2026-10-03T15:07:29Z</time>
   </trkpt>
   <trkpt lat="50.8693630" lon="4.2538560">
    <ele>50.7</ele>
    <time>2026-10-03T15:07:30Z</time>
   </trkpt>
   <trkpt lat="50.8693650" lon="4.2538800">
    <ele>50.7</ele>
    <time>2026-10-03T15:07:31Z</time>
   </trkpt>
   <trkpt lat="50.8693720" lon="4.2539040">
    <ele>50.7</ele>
    <time>2026-10-03T15:07:32Z</time>
   </trkpt>
   <trkpt lat="50.8693780" lon="4.2539300">
    <ele>50.8</ele>
    <time>2026-10-03T15:07:33Z</time>
   </trkpt>
   <trkpt lat="50.8693720" lon="4.2539570">
    <ele>50.8</ele>
    <time>2026-10-03T15:07:34Z</time>
   </trkpt>
   <trkpt lat="50.8693790" lon="4.2539850">
    <ele>50.8</ele>
    <time>2026-10-03T15:07:35Z</time>
   </trkpt>
   <trkpt lat="50.8693860" lon="4.2540140">
    <ele>50.9</ele>
    <time>2026-10-03T15:07:36Z</time>
   </trkpt>
   <trkpt lat="50.8693930" lon="4.2540390">
    <ele>50.9</ele>
    <time>2026-10-03T15:07:37Z</time>
   </trkpt>
   <trkpt lat="50.8694030" lon="4.2540640">
    <ele>50.9</ele>
    <time>2026-10-03T15:07:38Z</time>
   </trkpt>
   <trkpt lat="50.8694140" lon="4.2540980">
    <ele>51.0</ele>
    <time>2026-10-03T15:07:39Z</time>
   </trkpt>
   <trkpt lat="50.8694190" lon="4.2541310">
    <ele>51.0</ele>
    <time>2026-10-03T15:07:40Z</time>
   </trkpt>
   <trkpt lat="50.8694220" lon="4.2541680">
    <ele>51.1</ele>
    <time>2026-10-03T15:07:41Z</time>
   </trkpt>
   <trkpt lat="50.8694270" lon="4.2541950">
    <ele>51.1</ele>
    <time>2026-10-03T15:07:42Z</time>
   </trkpt>
   <trkpt lat="50.8694300" lon="4.2542270">
    <ele>51.1</ele>
    <time>2026-10-03T15:07:43Z</time>
   </trkpt>
   <trkpt lat="50.8694320" lon="4.2542490">
    <ele>51.2</ele>
    <time>2026-10-03T15:07:44Z</time>
   </trkpt>
   <trkpt lat="50.8694390" lon="4.2542780">
    <ele>51.2</ele>
    <time>2026-10-03T15:07:46Z</time>
   </trkpt>
   <trkpt lat="50.8694430" lon="4.2543090">
    <ele>51.2</ele>
    <time>2026-10-03T15:07:47Z</time>
   </trkpt>
   <trkpt lat="50.8694390" lon="4.2543300">
    <ele>51.3</ele>
    <time>2026-10-03T15:07:48Z</time>
   </trkpt>
   <trkpt lat="50.8694440" lon="4.2543570">
    <ele>51.3</ele>
    <time>2026-10-03T15:07:49Z</time>
   </trkpt>
   <trkpt lat="50.8694490" lon="4.2543900">
    <ele>51.3</ele>
    <time>2026-10-03T15:07:50Z</time>
   </trkpt>
   <trkpt lat="50.8694600" lon="4.2544100">
    <ele>51.4</ele>
    <time>2026-10-03T15:07:51Z</time>
   </trkpt>
   <trkpt lat="50.8694590" lon="4.2544290">
    <ele>51.4</ele>
    <time>2026-10-03T15:07:52Z</time>
   </trkpt>
   <trkpt lat="50.8694580" lon="4.2544520">
    <ele>51.4</ele>
    <time>2026-10-03T15:07:53Z</time>
   </trkpt>
   <trkpt lat="50.8694580" lon="4.2544730">
    <ele>51.4</ele>
    <time>2026-10-03T15:07:54Z</time>
   </trkpt>
   <trkpt lat="50.8694570" lon="4.2544990">
    <ele>51.5</ele>
    <time>2026-10-03T15:07:55Z</time>
   </trkpt>
   <trkpt lat="50.8694630" lon="4.2545390">
    <ele>51.5</ele>
    <time>2026-10-03T15:07:56Z</time>
   </trkpt>
   <trkpt lat="50.8694700" lon="4.2545750">
    <ele>51.6</ele>
    <time>2026-10-03T15:07:57Z</time>
   </trkpt>
   <trkpt lat="50.8694760" lon="4.2546120">
    <ele>51.6</ele>
    <time>2026-10-03T15:07:58Z</time>
   </trkpt>
   <trkpt lat="50.8694780" lon="4.2546370">
    <ele>51.7</ele>
    <time>2026-10-03T15:07:59Z</time>
   </trkpt>
   <trkpt lat="50.8694740" lon="4.2546540">
    <ele>51.7</ele>
    <time>2026-10-03T15:08:00Z</time>
   </trkpt>
   <trkpt lat="50.8694740" lon="4.2546850">
    <ele>51.7</ele>
    <time>2026-10-03T15:08:01Z</time>
   </trkpt>
   <trkpt lat="50.8694820" lon="4.2547120">
    <ele>51.8</ele>
    <time>2026-10-03T15:08:02Z</time>
   </trkpt>
   <trkpt lat="50.8694860" lon="4.2547490">
    <ele>51.8</ele>
    <time>2026-10-03T15:08:03Z</time>
   </trkpt>
   <trkpt lat="50.8694890" lon="4.2547830">
    <ele>51.8</ele>
    <time>2026-10-03T15:08:04Z</time>
   </trkpt>
   <trkpt lat="50.8694900" lon="4.2548140">
    <ele>51.9</ele>
    <time>2026-10-03T15:08:05Z</time>
   </trkpt>
   <trkpt lat="50.8694890" lon="4.2548420">
    <ele>51.9</ele>
    <time>2026-10-03T15:08:06Z</time>
   </trkpt>
   <trkpt lat="50.8694860" lon="4.2548730">
    <ele>52.0</ele>
    <time>2026-10-03T15:08:07Z</time>
   </trkpt>
   <trkpt lat="50.8694880" lon="4.2548980">
    <ele>52.0</ele>
    <time>2026-10-03T15:08:08Z</time>
   </trkpt>
   <trkpt lat="50.8694910" lon="4.2549300">
    <ele>52.0</ele>
    <time>2026-10-03T15:08:09Z</time>
   </trkpt>
   <trkpt lat="50.8694960" lon="4.2549920">
    <ele>52.1</ele>
    <time>2026-10-03T15:08:10Z</time>
   </trkpt>
   <trkpt lat="50.8694950" lon="4.2550210">
    <ele>52.1</ele>
    <time>2026-10-03T15:08:11Z</time>
   </trkpt>
   <trkpt lat="50.8694980" lon="4.2550500">
    <ele>52.2</ele>
    <time>2026-10-03T15:08:12Z</time>
   </trkpt>
   <trkpt lat="50.8695030" lon="4.2550800">
    <ele>52.2</ele>
    <time>2026-10-03T15:08:13Z</time>
   </trkpt>
   <trkpt lat="50.8695070" lon="4.2551040">
    <ele>52.3</ele>
    <time>2026-10-03T15:08:14Z</time>
   </trkpt>
   <trkpt lat="50.8695040" lon="4.2551380">
    <ele>52.3</ele>
    <time>2026-10-03T15:08:15Z</time>
   </trkpt>
   <trkpt lat="50.8695070" lon="4.2551700">
    <ele>52.3</ele>
    <time>2026-10-03T15:08:16Z</time>
   </trkpt>
   <trkpt lat="50.8695090" lon="4.2551980">
    <ele>52.4</ele>
    <time>2026-10-03T15:08:17Z</time>
   </trkpt>
   <trkpt lat="50.8695170" lon="4.2552300">
    <ele>52.4</ele>
    <time>2026-10-03T15:08:18Z</time>
   </trkpt>
   <trkpt lat="50.8695250" lon="4.2552580">
    <ele>52.4</ele>
    <time>2026-10-03T15:08:19Z</time>
   </trkpt>
   <trkpt lat="50.8695210" lon="4.2552820">
    <ele>52.5</ele>
    <time>2026-10-03T15:08:20Z</time>
   </trkpt>
   <trkpt lat="50.8695230" lon="4.2553090">
    <ele>52.5</ele>
    <time>2026-10-03T15:08:21Z</time>
   </trkpt>
   <trkpt lat="50.8695280" lon="4.2553450">
    <ele>52.5</ele>
    <time>2026-10-03T15:08:22Z</time>
   </trkpt>
   <trkpt lat="50.8695250" lon="4.2553700">
    <ele>52.5</ele>
    <time>2026-10-03T15:08:23Z</time>
   </trkpt>
   <trkpt lat="50.8695290" lon="4.2553910">
    <ele>52.6</ele>
    <time>2026-10-03T15:08:24Z</time>
   </trkpt>
   <trkpt lat="50.8695310" lon="4.2554120">
    <ele>52.6</ele>
    <time>2026-10-03T15:08:25Z</time>
   </trkpt>
   <trkpt lat="50.8695280" lon="4.2554380">
    <ele>52.6</ele>
    <time>2026-10-03T15:08:26Z</time>
   </trkpt>
   <trkpt lat="50.8695330" lon="4.2554700">
    <ele>52.6</ele>
    <time>2026-10-03T15:08:27Z</time>
   </trkpt>
   <trkpt lat="50.8695300" lon="4.2555080">
    <ele>52.7</ele>
    <time>2026-10-03T15:08:28Z</time>
   </trkpt>
   <trkpt lat="50.8695350" lon="4.2555430">
    <ele>52.7</ele>
    <time>2026-10-03T15:08:29Z</time>
   </trkpt>
   <trkpt lat="50.8695430" lon="4.2555710">
    <ele>52.7</ele>
    <time>2026-10-03T15:08:30Z</time>
   </trkpt>
   <trkpt lat="50.8695430" lon="4.2556150">
    <ele>52.8</ele>
    <time>2026-10-03T15:08:31Z</time>
   </trkpt>
   <trkpt lat="50.8695410" lon="4.2556480">
    <ele>52.8</ele>
    <time>2026-10-03T15:08:32Z</time>
   </trkpt>
   <trkpt lat="50.8695360" lon="4.2556820">
    <ele>52.9</ele>
    <time>2026-10-03T15:08:33Z</time>
   </trkpt>
   <trkpt lat="50.8695400" lon="4.2557230">
    <ele>52.9</ele>
    <time>2026-10-03T15:08:34Z</time>
   </trkpt>
   <trkpt lat="50.8695370" lon="4.2557570">
    <ele>52.9</ele>
    <time>2026-10-03T15:08:35Z</time>
   </trkpt>
   <trkpt lat="50.8695330" lon="4.2557850">
    <ele>53.0</ele>
    <time>2026-10-03T15:08:36Z</time>
   </trkpt>
   <trkpt lat="50.8695380" lon="4.2558190">
    <ele>53.0</ele>
    <time>2026-10-03T15:08:37Z</time>
   </trkpt>
   <trkpt lat="50.8695260" lon="4.2558440">
    <ele>53.1</ele>
    <time>2026-10-03T15:08:38Z</time>
   </trkpt>
   <trkpt lat="50.8695290" lon="4.2558760">
    <ele>53.1</ele>
    <time>2026-10-03T15:08:39Z</time>
   </trkpt>
   <trkpt lat="50.8695360" lon="4.2559060">
    <ele>53.1</ele>
    <time>2026-10-03T15:08:40Z</time>
   </trkpt>
   <trkpt lat="50.8695430" lon="4.2559420">
    <ele>53.2</ele>
    <time>2026-10-03T15:08:41Z</time>
   </trkpt>
   <trkpt lat="50.8695320" lon="4.2559730">
    <ele>53.2</ele>
    <time>2026-10-03T15:08:42Z</time>
   </trkpt>
   <trkpt lat="50.8695320" lon="4.2559890">
    <ele>53.3</ele>
    <time>2026-10-03T15:08:43Z</time>
   </trkpt>
   <trkpt lat="50.8695290" lon="4.2560250">
    <ele>53.3</ele>
    <time>2026-10-03T15:08:44Z</time>
   </trkpt>
   <trkpt lat="50.8695290" lon="4.2560520">
    <ele>53.3</ele>
    <time>2026-10-03T15:08:45Z</time>
   </trkpt>
   <trkpt lat="50.8695360" lon="4.2560870">
    <ele>53.4</ele>
    <time>2026-10-03T15:08:46Z</time>
   </trkpt>
   <trkpt lat="50.8695330" lon="4.2561210">
    <ele>53.4</ele>
    <time>2026-10-03T15:08:47Z</time>
   </trkpt>
   <trkpt lat="50.8695330" lon="4.2561490">
    <ele>53.5</ele>
    <time>2026-10-03T15:08:48Z</time>
   </trkpt>
   <trkpt lat="50.8695310" lon="4.2561720">
    <ele>53.5</ele>
    <time>2026-10-03T15:08:49Z</time>
   </trkpt>
   <trkpt lat="50.8695270" lon="4.2561980">
    <ele>53.5</ele>
    <time>2026-10-03T15:08:50Z</time>
   </trkpt>
   <trkpt lat="50.8695250" lon="4.2562290">
    <ele>53.6</ele>
    <time>2026-10-03T15:08:51Z</time>
   </trkpt>
   <trkpt lat="50.8695240" lon="4.2562690">
    <ele>53.6</ele>
    <time>2026-10-03T15:08:52Z</time>
   </trkpt>
   <trkpt lat="50.8695200" lon="4.2563020">
    <ele>53.7</ele>
    <time>2026-10-03T15:08:53Z</time>
   </trkpt>
   <trkpt lat="50.8695220" lon="4.2563280">
    <ele>53.7</ele>
    <time>2026-10-03T15:08:54Z</time>
   </trkpt>
   <trkpt lat="50.8695270" lon="4.2563510">
    <ele>53.7</ele>
    <time>2026-10-03T15:08:55Z</time>
   </trkpt>
   <trkpt lat="50.8695250" lon="4.2563920">
    <ele>53.8</ele>
    <time>2026-10-03T15:08:56Z</time>
   </trkpt>
   <trkpt lat="50.8695200" lon="4.2564180">
    <ele>53.8</ele>
    <time>2026-10-03T15:08:57Z</time>
   </trkpt>
   <trkpt lat="50.8695150" lon="4.2564530">
    <ele>53.9</ele>
    <time>2026-10-03T15:08:58Z</time>
   </trkpt>
   <trkpt lat="50.8695120" lon="4.2564920">
    <ele>53.9</ele>
    <time>2026-10-03T15:08:59Z</time>
   </trkpt>
   <trkpt lat="50.8695180" lon="4.2565170">
    <ele>54.0</ele>
    <time>2026-10-03T15:09:00Z</time>
   </trkpt>
   <trkpt lat="50.8695160" lon="4.2565510">
    <ele>54.0</ele>
    <time>2026-10-03T15:09:01Z</time>
   </trkpt>
   <trkpt lat="50.8695180" lon="4.2565860">
    <ele>54.1</ele>
    <time>2026-10-03T15:09:02Z</time>
   </trkpt>
   <trkpt lat="50.8695130" lon="4.2566000">
    <ele>54.1</ele>
    <time>2026-10-03T15:09:03Z</time>
   </trkpt>
   <trkpt lat="50.8695110" lon="4.2566280">
    <ele>54.1</ele>
    <time>2026-10-03T15:09:04Z</time>
   </trkpt>
   <trkpt lat="50.8695110" lon="4.2566570">
    <ele>54.2</ele>
    <time>2026-10-03T15:09:05Z</time>
   </trkpt>
   <trkpt lat="50.8695100" lon="4.2566870">
    <ele>54.2</ele>
    <time>2026-10-03T15:09:06Z</time>
   </trkpt>
   <trkpt lat="50.8695070" lon="4.2567130">
    <ele>54.3</ele>
    <time>2026-10-03T15:09:07Z</time>
   </trkpt>
   <trkpt lat="50.8695070" lon="4.2567430">
    <ele>54.3</ele>
    <time>2026-10-03T15:09:08Z</time>
   </trkpt>
   <trkpt lat="50.8695110" lon="4.2567710">
    <ele>54.3</ele>
    <time>2026-10-03T15:09:09Z</time>
   </trkpt>
   <trkpt lat="50.8695110" lon="4.2567960">
    <ele>54.4</ele>
    <time>2026-10-03T15:09:10Z</time>
   </trkpt>
   <trkpt lat="50.8695260" lon="4.2568230">
    <ele>54.4</ele>
    <time>2026-10-03T15:09:11Z</time>
   </trkpt>
   <trkpt lat="50.8695400" lon="4.2568380">
    <ele>54.5</ele>
    <time>2026-10-03T15:09:12Z</time>
   </trkpt>
   <trkpt lat="50.8695560" lon="4.2568570">
    <ele>54.5</ele>
    <time>2026-10-03T15:09:13Z</time>
   </trkpt>
   <trkpt lat="50.8695690" lon="4.2568770">
    <ele>54.6</ele>
    <time>2026-10-03T15:09:14Z</time>
   </trkpt>
   <trkpt lat="50.8695810" lon="4.2569010">
    <ele>54.6</ele>
    <time>2026-10-03T15:09:15Z</time>
   </trkpt>
   <trkpt lat="50.8695900" lon="4.2569140">
    <ele>54.6</ele>
    <time>2026-10-03T15:09:16Z</time>
   </trkpt>
   <trkpt lat="50.8696010" lon="4.2569400">
    <ele>54.6</ele>
    <time>2026-10-03T15:09:17Z</time>
   </trkpt>
   <trkpt lat="50.8696170" lon="4.2569560">
    <ele>54.6</ele>
    <time>2026-10-03T15:09:18Z</time>
   </trkpt>
   <trkpt lat="50.8696240" lon="4.2569770">
    <ele>54.6</ele>
    <time>2026-10-03T15:09:19Z</time>
   </trkpt>
   <trkpt lat="50.8696420" lon="4.2569860">
    <ele>54.6</ele>
    <time>2026-10-03T15:09:20Z</time>
   </trkpt>
   <trkpt lat="50.8696600" lon="4.2570060">
    <ele>54.6</ele>
    <time>2026-10-03T15:09:21Z</time>
   </trkpt>
   <trkpt lat="50.8696780" lon="4.2570080">
    <ele>54.5</ele>
    <time>2026-10-03T15:09:22Z</time>
   </trkpt>
   <trkpt lat="50.8696930" lon="4.2570150">
    <ele>54.5</ele>
    <time>2026-10-03T15:09:23Z</time>
   </trkpt>
   <trkpt lat="50.8697100" lon="4.2570160">
    <ele>54.5</ele>
    <time>2026-10-03T15:09:24Z</time>
   </trkpt>
   <trkpt lat="50.8697320" lon="4.2570180">
    <ele>54.5</ele>
    <time>2026-10-03T15:09:25Z</time>
   </trkpt>
   <trkpt lat="50.8697450" lon="4.2570240">
    <ele>54.5</ele>
    <time>2026-10-03T15:09:26Z</time>
   </trkpt>
   <trkpt lat="50.8697660" lon="4.2570280">
    <ele>54.5</ele>
    <time>2026-10-03T15:09:27Z</time>
   </trkpt>
   <trkpt lat="50.8697890" lon="4.2570260">
    <ele>54.5</ele>
    <time>2026-10-03T15:09:28Z</time>
   </trkpt>
   <trkpt lat="50.8697950" lon="4.2570270">
    <ele>54.5</ele>
    <time>2026-10-03T15:09:29Z</time>
   </trkpt>
   <trkpt lat="50.8698040" lon="4.2570250">
    <ele>54.5</ele>
    <time>2026-10-03T15:09:30Z</time>
   </trkpt>
   <trkpt lat="50.8698320" lon="4.2570230">
    <ele>54.5</ele>
    <time>2026-10-03T15:09:31Z</time>
   </trkpt>
   <trkpt lat="50.8698520" lon="4.2570260">
    <ele>54.5</ele>
    <time>2026-10-03T15:09:32Z</time>
   </trkpt>
   <trkpt lat="50.8698740" lon="4.2570350">
    <ele>54.5</ele>
    <time>2026-10-03T15:09:33Z</time>
   </trkpt>
   <trkpt lat="50.8698990" lon="4.2570420">
    <ele>54.5</ele>
    <time>2026-10-03T15:09:34Z</time>
   </trkpt>
   <trkpt lat="50.8699210" lon="4.2570440">
    <ele>54.5</ele>
    <time>2026-10-03T15:09:35Z</time>
   </trkpt>
   <trkpt lat="50.8699390" lon="4.2570470">
    <ele>54.5</ele>
    <time>2026-10-03T15:09:36Z</time>
   </trkpt>
   <trkpt lat="50.8699590" lon="4.2570510">
    <ele>54.5</ele>
    <time>2026-10-03T15:09:37Z</time>
   </trkpt>
   <trkpt lat="50.8699760" lon="4.2570520">
    <ele>54.5</ele>
    <time>2026-10-03T15:09:38Z</time>
   </trkpt>
   <trkpt lat="50.8699970" lon="4.2570590">
    <ele>54.5</ele>
    <time>2026-10-03T15:09:39Z</time>
   </trkpt>
   <trkpt lat="50.8700150" lon="4.2570670">
    <ele>54.5</ele>
    <time>2026-10-03T15:09:40Z</time>
   </trkpt>
   <trkpt lat="50.8700370" lon="4.2570710">
    <ele>54.5</ele>
    <time>2026-10-03T15:09:41Z</time>
   </trkpt>
   <trkpt lat="50.8700450" lon="4.2570840">
    <ele>54.5</ele>
    <time>2026-10-03T15:09:42Z</time>
   </trkpt>
   <trkpt lat="50.8700440" lon="4.2570890">
    <ele>54.5</ele>
    <time>2026-10-03T15:09:43Z</time>
   </trkpt>
   <trkpt lat="50.8700540" lon="4.2570900">
    <ele>54.5</ele>
    <time>2026-10-03T15:09:44Z</time>
   </trkpt>
   <trkpt lat="50.8700660" lon="4.2570890">
    <ele>54.5</ele>
    <time>2026-10-03T15:09:45Z</time>
   </trkpt>
   <trkpt lat="50.8700870" lon="4.2570940">
    <ele>54.5</ele>
    <time>2026-10-03T15:09:46Z</time>
   </trkpt>
   <trkpt lat="50.8701110" lon="4.2571090">
    <ele>54.5</ele>
    <time>2026-10-03T15:09:47Z</time>
   </trkpt>
   <trkpt lat="50.8701310" lon="4.2571220">
    <ele>54.5</ele>
    <time>2026-10-03T15:09:48Z</time>
   </trkpt>
   <trkpt lat="50.8701420" lon="4.2571270">
    <ele>54.5</ele>
    <time>2026-10-03T15:09:49Z</time>
   </trkpt>
   <trkpt lat="50.8701620" lon="4.2571250">
    <ele>54.5</ele>
    <time>2026-10-03T15:09:50Z</time>
   </trkpt>
   <trkpt lat="50.8701820" lon="4.2571270">
    <ele>54.5</ele>
    <time>2026-10-03T15:09:52Z</time>
   </trkpt>
   <trkpt lat="50.8702000" lon="4.2571230">
    <ele>54.4</ele>
    <time>2026-10-03T15:09:53Z</time>
   </trkpt>
   <trkpt lat="50.8702150" lon="4.2571270">
    <ele>54.4</ele>
    <time>2026-10-03T15:09:54Z</time>
   </trkpt>
   <trkpt lat="50.8702330" lon="4.2571330">
    <ele>54.4</ele>
    <time>2026-10-03T15:09:55Z</time>
   </trkpt>
   <trkpt lat="50.8702490" lon="4.2571430">
    <ele>54.4</ele>
    <time>2026-10-03T15:09:56Z</time>
   </trkpt>
   <trkpt lat="50.8702640" lon="4.2571610">
    <ele>54.3</ele>
    <time>2026-10-03T15:09:57Z</time>
   </trkpt>
   <trkpt lat="50.8702770" lon="4.2571510">
    <ele>54.3</ele>
    <time>2026-10-03T15:09:58Z</time>
   </trkpt>
   <trkpt lat="50.8702860" lon="4.2571630">
    <ele>54.3</ele>
    <time>2026-10-03T15:09:59Z</time>
   </trkpt>
   <trkpt lat="50.8703120" lon="4.2571880">
    <ele>54.2</ele>
    <time>2026-10-03T15:10:00Z</time>
   </trkpt>
   <trkpt lat="50.8703340" lon="4.2572020">
    <ele>54.2</ele>
    <time>2026-10-03T15:10:01Z</time>
   </trkpt>
   <trkpt lat="50.8703560" lon="4.2572140">
    <ele>54.1</ele>
    <time>2026-10-03T15:10:02Z</time>
   </trkpt>
   <trkpt lat="50.8703880" lon="4.2572190">
    <ele>54.1</ele>
    <time>2026-10-03T15:10:03Z</time>
   </trkpt>
   <trkpt lat="50.8704060" lon="4.2572270">
    <ele>54.0</ele>
    <time>2026-10-03T15:10:04Z</time>
   </trkpt>
   <trkpt lat="50.8704050" lon="4.2572420">
    <ele>54.0</ele>
    <time>2026-10-03T15:10:05Z</time>
   </trkpt>
   <trkpt lat="50.8704020" lon="4.2572440">
    <ele>54.0</ele>
    <time>2026-10-03T15:10:06Z</time>
   </trkpt>
   <trkpt lat="50.8704250" lon="4.2572730">
    <ele>53.9</ele>
    <time>2026-10-03T15:10:07Z</time>
   </trkpt>
   <trkpt lat="50.8704470" lon="4.2572850">
    <ele>53.9</ele>
    <time>2026-10-03T15:10:08Z</time>
   </trkpt>
   <trkpt lat="50.8704660" lon="4.2572880">
    <ele>53.8</ele>
    <time>2026-10-03T15:10:09Z</time>
   </trkpt>
   <trkpt lat="50.8704800" lon="4.2573120">
    <ele>53.8</ele>
    <time>2026-10-03T15:10:10Z</time>
   </trkpt>
   <trkpt lat="50.8704940" lon="4.2573380">
    <ele>53.7</ele>
    <time>2026-10-03T15:10:11Z</time>
   </trkpt>
   <trkpt lat="50.8704990" lon="4.2574060">
    <ele>53.6</ele>
    <time>2026-10-03T15:10:12Z</time>
   </trkpt>
   <trkpt lat="50.8705030" lon="4.2574300">
    <ele>53.6</ele>
    <time>2026-10-03T15:10:13Z</time>
   </trkpt>
   <trkpt lat="50.8705180" lon="4.2574550">
    <ele>53.6</ele>
    <time>2026-10-03T15:10:14Z</time>
   </trkpt>
   <trkpt lat="50.8705210" lon="4.2574710">
    <ele>53.6</ele>
    <time>2026-10-03T15:10:15Z</time>
   </trkpt>
   <trkpt lat="50.8705270" lon="4.2574860">
    <ele>53.6</ele>
    <time>2026-10-03T15:10:16Z</time>
   </trkpt>
   <trkpt lat="50.8705370" lon="4.2575060">
    <ele>53.6</ele>
    <time>2026-10-03T15:10:17Z</time>
   </trkpt>
   <trkpt lat="50.8705440" lon="4.2575330">
    <ele>53.5</ele>
    <time>2026-10-03T15:10:18Z</time>
   </trkpt>
   <trkpt lat="50.8705540" lon="4.2575610">
    <ele>53.5</ele>
    <time>2026-10-03T15:10:19Z</time>
   </trkpt>
   <trkpt lat="50.8705700" lon="4.2576040">
    <ele>53.5</ele>
    <time>2026-10-03T15:10:20Z</time>
   </trkpt>
   <trkpt lat="50.8705830" lon="4.2576460">
    <ele>53.5</ele>
    <time>2026-10-03T15:10:21Z</time>
   </trkpt>
   <trkpt lat="50.8705910" lon="4.2576890">
    <ele>53.5</ele>
    <time>2026-10-03T15:10:22Z</time>
   </trkpt>
   <trkpt lat="50.8705910" lon="4.2577190">
    <ele>53.4</ele>
    <time>2026-10-03T15:10:23Z</time>
   </trkpt>
   <trkpt lat="50.8705970" lon="4.2577520">
    <ele>53.4</ele>
    <time>2026-10-03T15:10:24Z</time>
   </trkpt>
   <trkpt lat="50.8705980" lon="4.2577900">
    <ele>53.4</ele>
    <time>2026-10-03T15:10:25Z</time>
   </trkpt>
   <trkpt lat="50.8705980" lon="4.2578260">
    <ele>53.4</ele>
    <time>2026-10-03T15:10:26Z</time>
   </trkpt>
   <trkpt lat="50.8705980" lon="4.2578470">
    <ele>53.3</ele>
    <time>2026-10-03T15:10:27Z</time>
   </trkpt>
   <trkpt lat="50.8705970" lon="4.2578880">
    <ele>53.3</ele>
    <time>2026-10-03T15:10:28Z</time>
   </trkpt>
   <trkpt lat="50.8706040" lon="4.2579170">
    <ele>53.3</ele>
    <time>2026-10-03T15:10:29Z</time>
   </trkpt>
   <trkpt lat="50.8706230" lon="4.2579520">
    <ele>53.3</ele>
    <time>2026-10-03T15:10:30Z</time>
   </trkpt>
   <trkpt lat="50.8706330" lon="4.2579850">
    <ele>53.2</ele>
    <time>2026-10-03T15:10:31Z</time>
   </trkpt>
   <trkpt lat="50.8706430" lon="4.2580150">
    <ele>53.2</ele>
    <time>2026-10-03T15:10:32Z</time>
   </trkpt>
   <trkpt lat="50.8706490" lon="4.2580500">
    <ele>53.2</ele>
    <time>2026-10-03T15:10:33Z</time>
   </trkpt>
   <trkpt lat="50.8706520" lon="4.2580880">
    <ele>53.1</ele>
    <time>2026-10-03T15:10:34Z</time>
   </trkpt>
   <trkpt lat="50.8706520" lon="4.2581160">
    <ele>53.1</ele>
    <time>2026-10-03T15:10:35Z</time>
   </trkpt>
   <trkpt lat="50.8706500" lon="4.2581400">
    <ele>53.1</ele>
    <time>2026-10-03T15:10:36Z</time>
   </trkpt>
   <trkpt lat="50.8706560" lon="4.2581670">
    <ele>53.1</ele>
    <time>2026-10-03T15:10:37Z</time>
   </trkpt>
   <trkpt lat="50.8706620" lon="4.2582040">
    <ele>53.0</ele>
    <time>2026-10-03T15:10:38Z</time>
   </trkpt>
   <trkpt lat="50.8706730" lon="4.2582340">
    <ele>53.0</ele>
    <time>2026-10-03T15:10:39Z</time>
   </trkpt>
   <trkpt lat="50.8706780" lon="4.2582680">
    <ele>52.9</ele>
    <time>2026-10-03T15:10:40Z</time>
   </trkpt>
   <trkpt lat="50.8706830" lon="4.2583050">
    <ele>52.9</ele>
    <time>2026-10-03T15:10:41Z</time>
   </trkpt>
   <trkpt lat="50.8706890" lon="4.2583300">
    <ele>52.9</ele>
    <time>2026-10-03T15:10:42Z</time>
   </trkpt>
   <trkpt lat="50.8706890" lon="4.2583590">
    <ele>52.8</ele>
    <time>2026-10-03T15:10:43Z</time>
   </trkpt>
   <trkpt lat="50.8706930" lon="4.2583930">
    <ele>52.8</ele>
    <time>2026-10-03T15:10:44Z</time>
   </trkpt>
   <trkpt lat="50.8706990" lon="4.2584240">
    <ele>52.7</ele>
    <time>2026-10-03T15:10:45Z</time>
   </trkpt>
   <trkpt lat="50.8707020" lon="4.2584590">
    <ele>52.7</ele>
    <time>2026-10-03T15:10:46Z</time>
   </trkpt>
   <trkpt lat="50.8707120" lon="4.2584890">
    <ele>52.7</ele>
    <time>2026-10-03T15:10:47Z</time>
   </trkpt>
   <trkpt lat="50.8707200" lon="4.2585020">
    <ele>52.7</ele>
    <time>2026-10-03T15:10:48Z</time>
   </trkpt>
   <trkpt lat="50.8707190" lon="4.2585310">
    <ele>52.6</ele>
    <time>2026-10-03T15:10:49Z</time>
   </trkpt>
   <trkpt lat="50.8707350" lon="4.2585550">
    <ele>52.6</ele>
    <time>2026-10-03T15:10:50Z</time>
   </trkpt>
   <trkpt lat="50.8707390" lon="4.2585930">
    <ele>52.6</ele>
    <time>2026-10-03T15:10:51Z</time>
   </trkpt>
   <trkpt lat="50.8707280" lon="4.2586130">
    <ele>52.6</ele>
    <time>2026-10-03T15:10:52Z</time>
   </trkpt>
   <trkpt lat="50.8707260" lon="4.2586330">
    <ele>52.5</ele>
    <time>2026-10-03T15:10:53Z</time>
   </trkpt>
   <trkpt lat="50.8707280" lon="4.2586650">
    <ele>52.5</ele>
    <time>2026-10-03T15:10:54Z</time>
   </trkpt>
   <trkpt lat="50.8707390" lon="4.2587080">
    <ele>52.5</ele>
    <time>2026-10-03T15:10:55Z</time>
   </trkpt>
   <trkpt lat="50.8707500" lon="4.2587450">
    <ele>52.4</ele>
    <time>2026-10-03T15:10:56Z</time>
   </trkpt>
   <trkpt lat="50.8707580" lon="4.2587730">
    <ele>52.4</ele>
    <time>2026-10-03T15:10:57Z</time>
   </trkpt>
   <trkpt lat="50.8707600" lon="4.2588020">
    <ele>52.4</ele>
    <time>2026-10-03T15:10:58Z</time>
   </trkpt>
   <trkpt lat="50.8707670" lon="4.2588330">
    <ele>52.3</ele>
    <time>2026-10-03T15:10:59Z</time>
   </trkpt>
   <trkpt lat="50.8707660" lon="4.2588650">
    <ele>52.3</ele>
    <time>2026-10-03T15:11:00Z</time>
   </trkpt>
   <trkpt lat="50.8707730" lon="4.2588970">
    <ele>52.3</ele>
    <time>2026-10-03T15:11:01Z</time>
   </trkpt>
   <trkpt lat="50.8707800" lon="4.2589370">
    <ele>52.2</ele>
    <time>2026-10-03T15:11:02Z</time>
   </trkpt>
   <trkpt lat="50.8708020" lon="4.2589690">
    <ele>52.2</ele>
    <time>2026-10-03T15:11:03Z</time>
   </trkpt>
   <trkpt lat="50.8707900" lon="4.2590040">
    <ele>52.1</ele>
    <time>2026-10-03T15:11:04Z</time>
   </trkpt>
   <trkpt lat="50.8707880" lon="4.2590300">
    <ele>52.1</ele>
    <time>2026-10-03T15:11:05Z</time>
   </trkpt>
   <trkpt lat="50.8707990" lon="4.2590460">
    <ele>52.1</ele>
    <time>2026-10-03T15:11:06Z</time>
   </trkpt>
   <trkpt lat="50.8708060" lon="4.2590860">
    <ele>52.0</ele>
    <time>2026-10-03T15:11:07Z</time>
   </trkpt>
   <trkpt lat="50.8708110" lon="4.2591120">
    <ele>52.0</ele>
    <time>2026-10-03T15:11:08Z</time>
   </trkpt>
   <trkpt lat="50.8708170" lon="4.2591310">
    <ele>52.0</ele>
    <time>2026-10-03T15:11:09Z</time>
   </trkpt>
   <trkpt lat="50.8708260" lon="4.2591610">
    <ele>51.9</ele>
    <time>2026-10-03T15:11:10Z</time>
   </trkpt>
   <trkpt lat="50.8708450" lon="4.2591910">
    <ele>51.9</ele>
    <time>2026-10-03T15:11:11Z</time>
   </trkpt>
   <trkpt lat="50.8708610" lon="4.2592170">
    <ele>51.8</ele>
    <time>2026-10-03T15:11:12Z</time>
   </trkpt>
   <trkpt lat="50.8708740" lon="4.2592470">
    <ele>51.8</ele>
    <time>2026-10-03T15:11:13Z</time>
   </trkpt>
   <trkpt lat="50.8708860" lon="4.2592750">
    <ele>51.7</ele>
    <time>2026-10-03T15:11:14Z</time>
   </trkpt>
   <trkpt lat="50.8708870" lon="4.2592900">
    <ele>51.7</ele>
    <time>2026-10-03T15:11:15Z</time>
   </trkpt>
   <trkpt lat="50.8708900" lon="4.2593040">
    <ele>51.7</ele>
    <time>2026-10-03T15:11:16Z</time>
   </trkpt>
   <trkpt lat="50.8708930" lon="4.2593260">
    <ele>51.7</ele>
    <time>2026-10-03T15:11:17Z</time>
   </trkpt>
   <trkpt lat="50.8708940" lon="4.2593580">
    <ele>51.6</ele>
    <time>2026-10-03T15:11:18Z</time>
   </trkpt>
   <trkpt lat="50.8708870" lon="4.2594150">
    <ele>51.5</ele>
    <time>2026-10-03T15:11:19Z</time>
   </trkpt>
   <trkpt lat="50.8708890" lon="4.2594550">
    <ele>51.5</ele>
    <time>2026-10-03T15:11:20Z</time>
   </trkpt>
   <trkpt lat="50.8708890" lon="4.2594860">
    <ele>51.4</ele>
    <time>2026-10-03T15:11:21Z</time>
   </trkpt>
   <trkpt lat="50.8708930" lon="4.2595220">
    <ele>51.4</ele>
    <time>2026-10-03T15:11:22Z</time>
   </trkpt>
   <trkpt lat="50.8708950" lon="4.2595550">
    <ele>51.4</ele>
    <time>2026-10-03T15:11:23Z</time>
   </trkpt>
   <trkpt lat="50.8709040" lon="4.2595780">
    <ele>51.3</ele>
    <time>2026-10-03T15:11:24Z</time>
   </trkpt>
   <trkpt lat="50.8709130" lon="4.2596020">
    <ele>51.3</ele>
    <time>2026-10-03T15:11:25Z</time>
   </trkpt>
   <trkpt lat="50.8709200" lon="4.2596340">
    <ele>51.3</ele>
    <time>2026-10-03T15:11:26Z</time>
   </trkpt>
   <trkpt lat="50.8709210" lon="4.2596710">
    <ele>51.2</ele>
    <time>2026-10-03T15:11:27Z</time>
   </trkpt>
   <trkpt lat="50.8709230" lon="4.2596940">
    <ele>51.2</ele>
    <time>2026-10-03T15:11:28Z</time>
   </trkpt>
   <trkpt lat="50.8709370" lon="4.2596780">
    <ele>51.2</ele>
    <time>2026-10-03T15:11:29Z</time>
   </trkpt>
   <trkpt lat="50.8709360" lon="4.2596910">
    <ele>51.2</ele>
    <time>2026-10-03T15:11:30Z</time>
   </trkpt>
   <trkpt lat="50.8709470" lon="4.2597150">
    <ele>51.1</ele>
    <time>2026-10-03T15:11:31Z</time>
   </trkpt>
   <trkpt lat="50.8709590" lon="4.2597570">
    <ele>51.1</ele>
    <time>2026-10-03T15:11:32Z</time>
   </trkpt>
   <trkpt lat="50.8709770" lon="4.2597940">
    <ele>51.0</ele>
    <time>2026-10-03T15:11:33Z</time>
   </trkpt>
   <trkpt lat="50.8709940" lon="4.2598100">
    <ele>51.0</ele>
    <time>2026-10-03T15:11:34Z</time>
   </trkpt>
   <trkpt lat="50.8710160" lon="4.2598280">
    <ele>50.9</ele>
    <time>2026-10-03T15:11:35Z</time>
   </trkpt>
   <trkpt lat="50.8710130" lon="4.2598740">
    <ele>50.9</ele>
    <time>2026-10-03T15:11:36Z</time>
   </trkpt>
   <trkpt lat="50.8710090" lon="4.2598830">
    <ele>50.9</ele>
    <time>2026-10-03T15:11:37Z</time>
   </trkpt>
   <trkpt lat="50.8710080" lon="4.2598970">
    <ele>50.8</ele>
    <time>2026-10-03T15:11:38Z</time>
   </trkpt>
   <trkpt lat="50.8710250" lon="4.2599140">
    <ele>50.8</ele>
    <time>2026-10-03T15:11:39Z</time>
   </trkpt>
   <trkpt lat="50.8710250" lon="4.2599550">
    <ele>50.7</ele>
    <time>2026-10-03T15:11:40Z</time>
   </trkpt>
   <trkpt lat="50.8710340" lon="4.2600090">
    <ele>50.7</ele>
    <time>2026-10-03T15:11:41Z</time>
   </trkpt>
   <trkpt lat="50.8710470" lon="4.2600400">
    <ele>50.6</ele>
    <time>2026-10-03T15:11:42Z</time>
   </trkpt>
   <trkpt lat="50.8710520" lon="4.2600720">
    <ele>50.6</ele>
    <time>2026-10-03T15:11:43Z</time>
   </trkpt>
   <trkpt lat="50.8710560" lon="4.2601230">
    <ele>50.5</ele>
    <time>2026-10-03T15:11:44Z</time>
   </trkpt>
   <trkpt lat="50.8710650" lon="4.2601490">
    <ele>50.5</ele>
    <time>2026-10-03T15:11:45Z</time>
   </trkpt>
   <trkpt lat="50.8710420" lon="4.2601910">
    <ele>50.4</ele>
    <time>2026-10-03T15:11:46Z</time>
   </trkpt>
   <trkpt lat="50.8710440" lon="4.2602270">
    <ele>50.4</ele>
    <time>2026-10-03T15:11:47Z</time>
   </trkpt>
   <trkpt lat="50.8710560" lon="4.2602610">
    <ele>50.4</ele>
    <time>2026-10-03T15:11:48Z</time>
   </trkpt>
   <trkpt lat="50.8710720" lon="4.2602990">
    <ele>50.3</ele>
    <time>2026-10-03T15:11:49Z</time>
   </trkpt>
   <trkpt lat="50.8710980" lon="4.2603230">
    <ele>50.3</ele>
    <time>2026-10-03T15:11:50Z</time>
   </trkpt>
   <trkpt lat="50.8711330" lon="4.2603210">
    <ele>50.2</ele>
    <time>2026-10-03T15:11:51Z</time>
   </trkpt>
   <trkpt lat="50.8711510" lon="4.2603500">
    <ele>50.2</ele>
    <time>2026-10-03T15:11:52Z</time>
   </trkpt>
   <trkpt lat="50.8711700" lon="4.2603750">
    <ele>50.2</ele>
    <time>2026-10-03T15:11:53Z</time>
   </trkpt>
   <trkpt lat="50.8711910" lon="4.2604040">
    <ele>50.1</ele>
    <time>2026-10-03T15:11:54Z</time>
   </trkpt>
   <trkpt lat="50.8712180" lon="4.2604220">
    <ele>50.1</ele>
    <time>2026-10-03T15:11:55Z</time>
   </trkpt>
   <trkpt lat="50.8712180" lon="4.2604640">
    <ele>50.0</ele>
    <time>2026-10-03T15:11:56Z</time>
   </trkpt>
   <trkpt lat="50.8712320" lon="4.2604940">
    <ele>50.0</ele>
    <time>2026-10-03T15:11:58Z</time>
   </trkpt>
   <trkpt lat="50.8711960" lon="4.2605220">
    <ele>49.9</ele>
    <time>2026-10-03T15:11:59Z</time>
   </trkpt>
   <trkpt lat="50.8711760" lon="4.2605480">
    <ele>49.9</ele>
    <time>2026-10-03T15:12:00Z</time>
   </trkpt>
   <trkpt lat="50.8711430" lon="4.2605870">
    <ele>49.8</ele>
    <time>2026-10-03T15:12:01Z</time>
   </trkpt>
   <trkpt lat="50.8711450" lon="4.2606370">
    <ele>49.8</ele>
    <time>2026-10-03T15:12:02Z</time>
   </trkpt>
   <trkpt lat="50.8711490" lon="4.2606800">
    <ele>49.7</ele>
    <time>2026-10-03T15:12:03Z</time>
   </trkpt>
   <trkpt lat="50.8711520" lon="4.2607090">
    <ele>49.7</ele>
    <time>2026-10-03T15:12:04Z</time>
   </trkpt>
   <trkpt lat="50.8711530" lon="4.2607470">
    <ele>49.6</ele>
    <time>2026-10-03T15:12:05Z</time>
   </trkpt>
   <trkpt lat="50.8711570" lon="4.2607840">
    <ele>49.6</ele>
    <time>2026-10-03T15:12:06Z</time>
   </trkpt>
   <trkpt lat="50.8711600" lon="4.2608180">
    <ele>49.5</ele>
    <time>2026-10-03T15:12:07Z</time>
   </trkpt>
   <trkpt lat="50.8711570" lon="4.2608510">
    <ele>49.5</ele>
    <time>2026-10-03T15:12:08Z</time>
   </trkpt>
   <trkpt lat="50.8711620" lon="4.2608760">
    <ele>49.5</ele>
    <time>2026-10-03T15:12:09Z</time>
   </trkpt>
   <trkpt lat="50.8711730" lon="4.2608970">
    <ele>49.4</ele>
    <time>2026-10-03T15:12:10Z</time>
   </trkpt>
   <trkpt lat="50.8711770" lon="4.2609350">
    <ele>49.4</ele>
    <time>2026-10-03T15:12:11Z</time>
   </trkpt>
   <trkpt lat="50.8711640" lon="4.2609620">
    <ele>49.3</ele>
    <time>2026-10-03T15:12:12Z</time>
   </trkpt>
   <trkpt lat="50.8711730" lon="4.2610020">
    <ele>49.3</ele>
    <time>2026-10-03T15:12:13Z</time>
   </trkpt>
   <trkpt lat="50.8711720" lon="4.2610460">
    <ele>49.2</ele>
    <time>2026-10-03T15:12:14Z</time>
   </trkpt>
   <trkpt lat="50.8711710" lon="4.2610750">
    <ele>49.2</ele>
    <time>2026-10-03T15:12:15Z</time>
   </trkpt>
   <trkpt lat="50.8711620" lon="4.2610990">
    <ele>49.1</ele>
    <time>2026-10-03T15:12:16Z</time>
   </trkpt>
   <trkpt lat="50.8711760" lon="4.2611350">
    <ele>49.0</ele>
    <time>2026-10-03T15:12:17Z</time>
   </trkpt>
   <trkpt lat="50.8711780" lon="4.2611600">
    <ele>49.0</ele>
    <time>2026-10-03T15:12:18Z</time>
   </trkpt>
   <trkpt lat="50.8711770" lon="4.2611920">
    <ele>48.9</ele>
    <time>2026-10-03T15:12:19Z</time>
   </trkpt>
   <trkpt lat="50.8711960" lon="4.2612560">
    <ele>48.8</ele>
    <time>2026-10-03T15:12:20Z</time>
   </trkpt>
   <trkpt lat="50.8711940" lon="4.2612910">
    <ele>48.7</ele>
    <time>2026-10-03T15:12:21Z</time>
   </trkpt>
   <trkpt lat="50.8711970" lon="4.2613230">
    <ele>48.7</ele>
    <time>2026-10-03T15:12:22Z</time>
   </trkpt>
   <trkpt lat="50.8711910" lon="4.2613480">
    <ele>48.6</ele>
    <time>2026-10-03T15:12:23Z</time>
   </trkpt>
   <trkpt lat="50.8711880" lon="4.2613810">
    <ele>48.6</ele>
    <time>2026-10-03T15:12:24Z</time>
   </trkpt>
   <trkpt lat="50.8711860" lon="4.2614210">
    <ele>48.5</ele>
    <time>2026-10-03T15:12:25Z</time>
   </trkpt>
   <trkpt lat="50.8711980" lon="4.2614430">
    <ele>48.4</ele>
    <time>2026-10-03T15:12:26Z</time>
   </trkpt>
   <trkpt lat="50.8711900" lon="4.2614790">
    <ele>48.4</ele>
    <time>2026-10-03T15:12:27Z</time>
   </trkpt>
   <trkpt lat="50.8712070" lon="4.2614700">
    <ele>48.3</ele>
    <time>2026-10-03T15:12:28Z</time>
   </trkpt>
   <trkpt lat="50.8712170" lon="4.2614760">
    <ele>48.3</ele>
    <time>2026-10-03T15:12:29Z</time>
   </trkpt>
   <trkpt lat="50.8712130" lon="4.2615110">
    <ele>48.2</ele>
    <time>2026-10-03T15:12:30Z</time>
   </trkpt>
   <trkpt lat="50.8711970" lon="4.2615220">
    <ele>48.2</ele>
    <time>2026-10-03T15:12:31Z</time>
   </trkpt>
   <trkpt lat="50.8711840" lon="4.2615450">
    <ele>48.1</ele>
    <time>2026-10-03T15:12:32Z</time>
   </trkpt>
   <trkpt lat="50.8711860" lon="4.2615880">
    <ele>48.0</ele>
    <time>2026-10-03T15:12:33Z</time>
   </trkpt>
   <trkpt lat="50.8711860" lon="4.2616310">
    <ele>47.9</ele>
    <time>2026-10-03T15:12:34Z</time>
   </trkpt>
   <trkpt lat="50.8711880" lon="4.2616740">
    <ele>47.9</ele>
    <time>2026-10-03T15:12:35Z</time>
   </trkpt>
   <trkpt lat="50.8711810" lon="4.2617220">
    <ele>47.8</ele>
    <time>2026-10-03T15:12:36Z</time>
   </trkpt>
   <trkpt lat="50.8711780" lon="4.2617570">
    <ele>47.7</ele>
    <time>2026-10-03T15:12:37Z</time>
   </trkpt>
   <trkpt lat="50.8711740" lon="4.2617850">
    <ele>47.7</ele>
    <time>2026-10-03T15:12:38Z</time>
   </trkpt>
   <trkpt lat="50.8711700" lon="4.2618280">
    <ele>47.6</ele>
    <time>2026-10-03T15:12:39Z</time>
   </trkpt>
   <trkpt lat="50.8711660" lon="4.2618630">
    <ele>47.6</ele>
    <time>2026-10-03T15:12:40Z</time>
   </trkpt>
   <trkpt lat="50.8711520" lon="4.2619010">
    <ele>47.5</ele>
    <time>2026-10-03T15:12:41Z</time>
   </trkpt>
   <trkpt lat="50.8711400" lon="4.2619340">
    <ele>47.4</ele>
    <time>2026-10-03T15:12:42Z</time>
   </trkpt>
   <trkpt lat="50.8711430" lon="4.2619790">
    <ele>47.4</ele>
    <time>2026-10-03T15:12:43Z</time>
   </trkpt>
   <trkpt lat="50.8711300" lon="4.2620070">
    <ele>47.3</ele>
    <time>2026-10-03T15:12:44Z</time>
   </trkpt>
   <trkpt lat="50.8711250" lon="4.2620330">
    <ele>47.3</ele>
    <time>2026-10-03T15:12:45Z</time>
   </trkpt>
   <trkpt lat="50.8711260" lon="4.2620540">
    <ele>47.2</ele>
    <time>2026-10-03T15:12:46Z</time>
   </trkpt>
   <trkpt lat="50.8711270" lon="4.2620730">
    <ele>47.2</ele>
    <time>2026-10-03T15:12:47Z</time>
   </trkpt>
   <trkpt lat="50.8711310" lon="4.2620940">
    <ele>47.2</ele>
    <time>2026-10-03T15:12:48Z</time>
   </trkpt>
   <trkpt lat="50.8711230" lon="4.2621510">
    <ele>47.1</ele>
    <time>2026-10-03T15:12:49Z</time>
   </trkpt>
   <trkpt lat="50.8711230" lon="4.2621940">
    <ele>47.1</ele>
    <time>2026-10-03T15:12:50Z</time>
   </trkpt>
   <trkpt lat="50.8711170" lon="4.2622340">
    <ele>47.1</ele>
    <time>2026-10-03T15:12:51Z</time>
   </trkpt>
   <trkpt lat="50.8711240" lon="4.2622680">
    <ele>47.0</ele>
    <time>2026-10-03T15:12:52Z</time>
   </trkpt>
   <trkpt lat="50.8711330" lon="4.2622680">
    <ele>47.0</ele>
    <time>2026-10-03T15:12:53Z</time>
   </trkpt>
   <trkpt lat="50.8711410" lon="4.2622790">
    <ele>47.0</ele>
    <time>2026-10-03T15:12:54Z</time>
   </trkpt>
   <trkpt lat="50.8711410" lon="4.2623120">
    <ele>47.0</ele>
    <time>2026-10-03T15:12:55Z</time>
   </trkpt>
   <trkpt lat="50.8711440" lon="4.2623420">
    <ele>47.0</ele>
    <time>2026-10-03T15:12:56Z</time>
   </trkpt>
   <trkpt lat="50.8711380" lon="4.2623720">
    <ele>46.9</ele>
    <time>2026-10-03T15:12:57Z</time>
   </trkpt>
   <trkpt lat="50.8711390" lon="4.2623900">
    <ele>46.9</ele>
    <time>2026-10-03T15:12:58Z</time>
   </trkpt>
   <trkpt lat="50.8711440" lon="4.2624160">
    <ele>46.9</ele>
    <time>2026-10-03T15:12:59Z</time>
   </trkpt>
   <trkpt lat="50.8711420" lon="4.2624470">
    <ele>46.9</ele>
    <time>2026-10-03T15:13:00Z</time>
   </trkpt>
   <trkpt lat="50.8711340" lon="4.2624810">
    <ele>46.8</ele>
    <time>2026-10-03T15:13:01Z</time>
   </trkpt>
   <trkpt lat="50.8711290" lon="4.2625280">
    <ele>46.8</ele>
    <time>2026-10-03T15:13:02Z</time>
   </trkpt>
   <trkpt lat="50.8711340" lon="4.2625500">
    <ele>46.8</ele>
    <time>2026-10-03T15:13:03Z</time>
   </trkpt>
   <trkpt lat="50.8711320" lon="4.2625930">
    <ele>46.8</ele>
    <time>2026-10-03T15:13:04Z</time>
   </trkpt>
   <trkpt lat="50.8711310" lon="4.2626240">
    <ele>46.8</ele>
    <time>2026-10-03T15:13:05Z</time>
   </trkpt>
   <trkpt lat="50.8711330" lon="4.2626670">
    <ele>46.8</ele>
    <time>2026-10-03T15:13:06Z</time>
   </trkpt>
   <trkpt lat="50.8711360" lon="4.2626960">
    <ele>46.8</ele>
    <time>2026-10-03T15:13:07Z</time>
   </trkpt>
   <trkpt lat="50.8711370" lon="4.2627180">
    <ele>46.8</ele>
    <time>2026-10-03T15:13:08Z</time>
   </trkpt>
   <trkpt lat="50.8711460" lon="4.2627420">
    <ele>46.8</ele>
    <time>2026-10-03T15:13:09Z</time>
   </trkpt>
   <trkpt lat="50.8711580" lon="4.2627770">
    <ele>46.8</ele>
    <time>2026-10-03T15:13:10Z</time>
   </trkpt>
   <trkpt lat="50.8711660" lon="4.2628020">
    <ele>46.8</ele>
    <time>2026-10-03T15:13:11Z</time>
   </trkpt>
   <trkpt lat="50.8711810" lon="4.2628400">
    <ele>46.8</ele>
    <time>2026-10-03T15:13:12Z</time>
   </trkpt>
   <trkpt lat="50.8711890" lon="4.2628780">
    <ele>46.8</ele>
    <time>2026-10-03T15:13:13Z</time>
   </trkpt>
   <trkpt lat="50.8711910" lon="4.2628960">
    <ele>46.8</ele>
    <time>2026-10-03T15:13:14Z</time>
   </trkpt>
   <trkpt lat="50.8711910" lon="4.2629260">
    <ele>46.8</ele>
    <time>2026-10-03T15:13:15Z</time>
   </trkpt>
   <trkpt lat="50.8711810" lon="4.2629570">
    <ele>46.8</ele>
    <time>2026-10-03T15:13:16Z</time>
   </trkpt>
   <trkpt lat="50.8711780" lon="4.2629930">
    <ele>46.8</ele>
    <time>2026-10-03T15:13:17Z</time>
   </trkpt>
   <trkpt lat="50.8711780" lon="4.2630340">
    <ele>46.9</ele>
    <time>2026-10-03T15:13:18Z</time>
   </trkpt>
   <trkpt lat="50.8711660" lon="4.2630580">
    <ele>46.9</ele>
    <time>2026-10-03T15:13:19Z</time>
   </trkpt>
   <trkpt lat="50.8711580" lon="4.2630670">
    <ele>46.9</ele>
    <time>2026-10-03T15:13:20Z</time>
   </trkpt>
   <trkpt lat="50.8711580" lon="4.2630950">
    <ele>46.9</ele>
    <time>2026-10-03T15:13:21Z</time>
   </trkpt>
   <trkpt lat="50.8711570" lon="4.2631290">
    <ele>47.0</ele>
    <time>2026-10-03T15:13:22Z</time>
   </trkpt>
   <trkpt lat="50.8711450" lon="4.2631660">
    <ele>47.0</ele>
    <time>2026-10-03T15:13:23Z</time>
   </trkpt>
   <trkpt lat="50.8711480" lon="4.2631960">
    <ele>47.0</ele>
    <time>2026-10-03T15:13:24Z</time>
   </trkpt>
   <trkpt lat="50.8711430" lon="4.2632340">
    <ele>47.1</ele>
    <time>2026-10-03T15:13:25Z</time>
   </trkpt>
   <trkpt lat="50.8711340" lon="4.2632670">
    <ele>47.1</ele>
    <time>2026-10-03T15:13:26Z</time>
   </trkpt>
   <trkpt lat="50.8711340" lon="4.2633100">
    <ele>47.1</ele>
    <time>2026-10-03T15:13:27Z</time>
   </trkpt>
   <trkpt lat="50.8711280" lon="4.2633460">
    <ele>47.2</ele>
    <time>2026-10-03T15:13:28Z</time>
   </trkpt>
   <trkpt lat="50.8711250" lon="4.2633720">
    <ele>47.2</ele>
    <time>2026-10-03T15:13:29Z</time>
   </trkpt>
   <trkpt lat="50.8711250" lon="4.2633940">
    <ele>47.3</ele>
    <time>2026-10-03T15:13:30Z</time>
   </trkpt>
   <trkpt lat="50.8711370" lon="4.2634340">
    <ele>47.3</ele>
    <time>2026-10-03T15:13:31Z</time>
   </trkpt>
   <trkpt lat="50.8711410" lon="4.2634510">
    <ele>47.3</ele>
    <time>2026-10-03T15:13:32Z</time>
   </trkpt>
   <trkpt lat="50.8711550" lon="4.2634630">
    <ele>47.4</ele>
    <time>2026-10-03T15:13:33Z</time>
   </trkpt>
   <trkpt lat="50.8711610" lon="4.2635160">
    <ele>47.4</ele>
    <time>2026-10-03T15:13:34Z</time>
   </trkpt>
   <trkpt lat="50.8711620" lon="4.2635540">
    <ele>47.5</ele>
    <time>2026-10-03T15:13:35Z</time>
   </trkpt>
   <trkpt lat="50.8711600" lon="4.2635680">
    <ele>47.5</ele>
    <time>2026-10-03T15:13:36Z</time>
   </trkpt>
   <trkpt lat="50.8711620" lon="4.2635920">
    <ele>47.5</ele>
    <time>2026-10-03T15:13:37Z</time>
   </trkpt>
   <trkpt lat="50.8711600" lon="4.2636080">
    <ele>47.5</ele>
    <time>2026-10-03T15:13:38Z</time>
   </trkpt>
   <trkpt lat="50.8711590" lon="4.2636520">
    <ele>47.6</ele>
    <time>2026-10-03T15:13:39Z</time>
   </trkpt>
   <trkpt lat="50.8711650" lon="4.2637050">
    <ele>47.7</ele>
    <time>2026-10-03T15:13:40Z</time>
   </trkpt>
   <trkpt lat="50.8711660" lon="4.2637640">
    <ele>47.7</ele>
    <time>2026-10-03T15:13:41Z</time>
   </trkpt>
   <trkpt lat="50.8711630" lon="4.2637850">
    <ele>47.8</ele>
    <time>2026-10-03T15:13:42Z</time>
   </trkpt>
   <trkpt lat="50.8711540" lon="4.2638050">
    <ele>47.8</ele>
    <time>2026-10-03T15:13:43Z</time>
   </trkpt>
   <trkpt lat="50.8711480" lon="4.2638060">
    <ele>47.8</ele>
    <time>2026-10-03T15:13:44Z</time>
   </trkpt>
   <trkpt lat="50.8711540" lon="4.2638330">
    <ele>47.8</ele>
    <time>2026-10-03T15:13:45Z</time>
   </trkpt>
   <trkpt lat="50.8711520" lon="4.2638520">
    <ele>47.8</ele>
    <time>2026-10-03T15:13:46Z</time>
   </trkpt>
   <trkpt lat="50.8711400" lon="4.2638710">
    <ele>47.9</ele>
    <time>2026-10-03T15:13:47Z</time>
   </trkpt>
   <trkpt lat="50.8711300" lon="4.2638960">
    <ele>47.9</ele>
    <time>2026-10-03T15:13:48Z</time>
   </trkpt>
   <trkpt lat="50.8711030" lon="4.2639390">
    <ele>48.0</ele>
    <time>2026-10-03T15:13:49Z</time>
   </trkpt>
   <trkpt lat="50.8710730" lon="4.2639700">
    <ele>48.0</ele>
    <time>2026-10-03T15:13:50Z</time>
   </trkpt>
   <trkpt lat="50.8710650" lon="4.2639970">
    <ele>48.1</ele>
    <time>2026-10-03T15:13:51Z</time>
   </trkpt>
   <trkpt lat="50.8710550" lon="4.2640160">
    <ele>48.1</ele>
    <time>2026-10-03T15:13:52Z</time>
   </trkpt>
   <trkpt lat="50.8710570" lon="4.2640570">
    <ele>48.1</ele>
    <time>2026-10-03T15:13:53Z</time>
   </trkpt>
   <trkpt lat="50.8710650" lon="4.2640830">
    <ele>48.2</ele>
    <time>2026-10-03T15:13:54Z</time>
   </trkpt>
   <trkpt lat="50.8710710" lon="4.2640820">
    <ele>48.2</ele>
    <time>2026-10-03T15:13:55Z</time>
   </trkpt>
   <trkpt lat="50.8710690" lon="4.2640930">
    <ele>48.2</ele>
    <time>2026-10-03T15:13:56Z</time>
   </trkpt>
   <trkpt lat="50.8710600" lon="4.2641330">
    <ele>48.2</ele>
    <time>2026-10-03T15:13:57Z</time>
   </trkpt>
   <trkpt lat="50.8710610" lon="4.2641550">
    <ele>48.3</ele>
    <time>2026-10-03T15:13:58Z</time>
   </trkpt>
   <trkpt lat="50.8710520" lon="4.2642090">
    <ele>48.3</ele>
    <time>2026-10-03T15:13:59Z</time>
   </trkpt>
   <trkpt lat="50.8710460" lon="4.2642500">
    <ele>48.4</ele>
    <time>2026-10-03T15:14:00Z</time>
   </trkpt>
   <trkpt lat="50.8710560" lon="4.2643030">
    <ele>48.5</ele>
    <time>2026-10-03T15:14:01Z</time>
   </trkpt>
   <trkpt lat="50.8710710" lon="4.2643310">
    <ele>48.5</ele>
    <time>2026-10-03T15:14:02Z</time>
   </trkpt>
   <trkpt lat="50.8710690" lon="4.2643750">
    <ele>48.6</ele>
    <time>2026-10-03T15:14:04Z</time>
   </trkpt>
   <trkpt lat="50.8710940" lon="4.2644080">
    <ele>48.6</ele>
    <time>2026-10-03T15:14:05Z</time>
   </trkpt>
   <trkpt lat="50.8710860" lon="4.2644520">
    <ele>48.7</ele>
    <time>2026-10-03T15:14:06Z</time>
   </trkpt>
   <trkpt lat="50.8710970" lon="4.2644840">
    <ele>48.8</ele>
    <time>2026-10-03T15:14:07Z</time>
   </trkpt>
   <trkpt lat="50.8711050" lon="4.2645240">
    <ele>48.8</ele>
    <time>2026-10-03T15:14:08Z</time>
   </trkpt>
   <trkpt lat="50.8711200" lon="4.2645410">
    <ele>48.9</ele>
    <time>2026-10-03T15:14:09Z</time>
   </trkpt>
   <trkpt lat="50.8711150" lon="4.2645700">
    <ele>48.9</ele>
    <time>2026-10-03T15:14:10Z</time>
   </trkpt>
   <trkpt lat="50.8711330" lon="4.2645970">
    <ele>48.9</ele>
    <time>2026-10-03T15:14:11Z</time>
   </trkpt>
   <trkpt lat="50.8711240" lon="4.2646330">
    <ele>49.0</ele>
    <time>2026-10-03T15:14:12Z</time>
   </trkpt>
   <trkpt lat="50.8711100" lon="4.2646660">
    <ele>49.0</ele>
    <time>2026-10-03T15:14:13Z</time>
   </trkpt>
   <trkpt lat="50.8711020" lon="4.2646880">
    <ele>49.1</ele>
    <time>2026-10-03T15:14:14Z</time>
   </trkpt>
   <trkpt lat="50.8710870" lon="4.2647130">
    <ele>49.1</ele>
    <time>2026-10-03T15:14:15Z</time>
   </trkpt>
   <trkpt lat="50.8710920" lon="4.2647330">
    <ele>49.2</ele>
    <time>2026-10-03T15:14:16Z</time>
   </trkpt>
   <trkpt lat="50.8710860" lon="4.2647750">
    <ele>49.2</ele>
    <time>2026-10-03T15:14:17Z</time>
   </trkpt>
   <trkpt lat="50.8710840" lon="4.2648230">
    <ele>49.3</ele>
    <time>2026-10-03T15:14:18Z</time>
   </trkpt>
   <trkpt lat="50.8710840" lon="4.2648280">
    <ele>49.3</ele>
    <time>2026-10-03T15:14:19Z</time>
   </trkpt>
   <trkpt lat="50.8710910" lon="4.2648590">
    <ele>49.4</ele>
    <time>2026-10-03T15:14:20Z</time>
   </trkpt>
   <trkpt lat="50.8710960" lon="4.2648950">
    <ele>49.4</ele>
    <time>2026-10-03T15:14:21Z</time>
   </trkpt>
   <trkpt lat="50.8711020" lon="4.2649360">
    <ele>49.5</ele>
    <time>2026-10-03T15:14:22Z</time>
   </trkpt>
   <trkpt lat="50.8711040" lon="4.2649530">
    <ele>49.5</ele>
    <time>2026-10-03T15:14:23Z</time>
   </trkpt>
   <trkpt lat="50.8711070" lon="4.2650050">
    <ele>49.6</ele>
    <time>2026-10-03T15:14:24Z</time>
   </trkpt>
   <trkpt lat="50.8711270" lon="4.2650740">
    <ele>49.8</ele>
    <time>2026-10-03T15:14:25Z</time>
   </trkpt>
   <trkpt lat="50.8711130" lon="4.2651180">
    <ele>49.8</ele>
    <time>2026-10-03T15:14:26Z</time>
   </trkpt>
   <trkpt lat="50.8710950" lon="4.2651480">
    <ele>49.9</ele>
    <time>2026-10-03T15:14:27Z</time>
   </trkpt>
   <trkpt lat="50.8710930" lon="4.2651920">
    <ele>49.9</ele>
    <time>2026-10-03T15:14:28Z</time>
   </trkpt>
   <trkpt lat="50.8710880" lon="4.2652350">
    <ele>50.0</ele>
    <time>2026-10-03T15:14:29Z</time>
   </trkpt>
   <trkpt lat="50.8710840" lon="4.2652770">
    <ele>50.1</ele>
    <time>2026-10-03T15:14:30Z</time>
   </trkpt>
   <trkpt lat="50.8710910" lon="4.2653180">
    <ele>50.1</ele>
    <time>2026-10-03T15:14:31Z</time>
   </trkpt>
   <trkpt lat="50.8710940" lon="4.2653430">
    <ele>50.2</ele>
    <time>2026-10-03T15:14:32Z</time>
   </trkpt>
   <trkpt lat="50.8710990" lon="4.2653730">
    <ele>50.2</ele>
    <time>2026-10-03T15:14:33Z</time>
   </trkpt>
   <trkpt lat="50.8710990" lon="4.2654090">
    <ele>50.2</ele>
    <time>2026-10-03T15:14:34Z</time>
   </trkpt>
   <trkpt lat="50.8710920" lon="4.2654490">
    <ele>50.3</ele>
    <time>2026-10-03T15:14:35Z</time>
   </trkpt>
   <trkpt lat="50.8710840" lon="4.2654840">
    <ele>50.3</ele>
    <time>2026-10-03T15:14:36Z</time>
   </trkpt>
   <trkpt lat="50.8710780" lon="4.2655180">
    <ele>50.4</ele>
    <time>2026-10-03T15:14:37Z</time>
   </trkpt>
   <trkpt lat="50.8710760" lon="4.2655620">
    <ele>50.4</ele>
    <time>2026-10-03T15:14:38Z</time>
   </trkpt>
   <trkpt lat="50.8710630" lon="4.2655920">
    <ele>50.5</ele>
    <time>2026-10-03T15:14:39Z</time>
   </trkpt>
   <trkpt lat="50.8710750" lon="4.2656150">
    <ele>50.5</ele>
    <time>2026-10-03T15:14:40Z</time>
   </trkpt>
   <trkpt lat="50.8710940" lon="4.2656130">
    <ele>50.5</ele>
    <time>2026-10-03T15:14:41Z</time>
   </trkpt>
   <trkpt lat="50.8711200" lon="4.2656210">
    <ele>50.6</ele>
    <time>2026-10-03T15:14:42Z</time>
   </trkpt>
   <trkpt lat="50.8711370" lon="4.2656160">
    <ele>50.6</ele>
    <time>2026-10-03T15:14:43Z</time>
   </trkpt>
   <trkpt lat="50.8711500" lon="4.2656070">
    <ele>50.6</ele>
    <time>2026-10-03T15:14:44Z</time>
   </trkpt>
   <trkpt lat="50.8711580" lon="4.2656020">
    <ele>50.6</ele>
    <time>2026-10-03T15:14:45Z</time>
   </trkpt>
   <trkpt lat="50.8711810" lon="4.2656080">
    <ele>50.7</ele>
    <time>2026-10-03T15:14:46Z</time>
   </trkpt>
   <trkpt lat="50.8711960" lon="4.2656090">
    <ele>50.7</ele>
    <time>2026-10-03T15:14:47Z</time>
   </trkpt>
   <trkpt lat="50.8712050" lon="4.2656370">
    <ele>50.7</ele>
    <time>2026-10-03T15:14:48Z</time>
   </trkpt>
   <trkpt lat="50.8712000" lon="4.2656610">
    <ele>50.8</ele>
    <time>2026-10-03T15:14:49Z</time>
   </trkpt>
   <trkpt lat="50.8711990" lon="4.2656930">
    <ele>50.8</ele>
    <time>2026-10-03T15:14:50Z</time>
   </trkpt>
   <trkpt lat="50.8712020" lon="4.2657160">
    <ele>50.8</ele>
    <time>2026-10-03T15:14:51Z</time>
   </trkpt>
   <trkpt lat="50.8712040" lon="4.2657350">
    <ele>50.8</ele>
    <time>2026-10-03T15:14:52Z</time>
   </trkpt>
   <trkpt lat="50.8712010" lon="4.2657680">
    <ele>50.9</ele>
    <time>2026-10-03T15:14:53Z</time>
   </trkpt>
   <trkpt lat="50.8711970" lon="4.2658010">
    <ele>50.9</ele>
    <time>2026-10-03T15:14:54Z</time>
   </trkpt>
   <trkpt lat="50.8712020" lon="4.2658320">
    <ele>50.9</ele>
    <time>2026-10-03T15:14:55Z</time>
   </trkpt>
   <trkpt lat="50.8712200" lon="4.2658670">
    <ele>51.0</ele>
    <time>2026-10-03T15:14:56Z</time>
   </trkpt>
   <trkpt lat="50.8712030" lon="4.2658790">
    <ele>51.0</ele>
    <time>2026-10-03T15:14:57Z</time>
   </trkpt>
   <trkpt lat="50.8712150" lon="4.2659120">
    <ele>51.1</ele>
    <time>2026-10-03T15:14:58Z</time>
   </trkpt>
   <trkpt lat="50.8712350" lon="4.2659280">
    <ele>51.1</ele>
    <time>2026-10-03T15:14:59Z</time>
   </trkpt>
   <trkpt lat="50.8712400" lon="4.2659400">
    <ele>51.1</ele>
    <time>2026-10-03T15:15:00Z</time>
   </trkpt>
   <trkpt lat="50.8712400" lon="4.2659570">
    <ele>51.2</ele>
    <time>2026-10-03T15:15:01Z</time>
   </trkpt>
   <trkpt lat="50.8712590" lon="4.2659810">
    <ele>51.2</ele>
    <time>2026-10-03T15:15:02Z</time>
   </trkpt>
   <trkpt lat="50.8712800" lon="4.2659950">
    <ele>51.2</ele>
    <time>2026-10-03T15:15:03Z</time>
   </trkpt>
   <trkpt lat="50.8713080" lon="4.2659970">
    <ele>51.2</ele>
    <time>2026-10-03T15:15:04Z</time>
   </trkpt>
   <trkpt lat="50.8713300" lon="4.2660120">
    <ele>51.2</ele>
    <time>2026-10-03T15:15:05Z</time>
   </trkpt>
   <trkpt lat="50.8713450" lon="4.2660300">
    <ele>51.2</ele>
    <time>2026-10-03T15:15:06Z</time>
   </trkpt>
   <trkpt lat="50.8713590" lon="4.2660450">
    <ele>51.2</ele>
    <time>2026-10-03T15:15:07Z</time>
   </trkpt>
   <trkpt lat="50.8713700" lon="4.2660580">
    <ele>51.1</ele>
    <time>2026-10-03T15:15:08Z</time>
   </trkpt>
   <trkpt lat="50.8713840" lon="4.2660810">
    <ele>51.1</ele>
    <time>2026-10-03T15:15:09Z</time>
   </trkpt>
   <trkpt lat="50.8713990" lon="4.2660950">
    <ele>51.1</ele>
    <time>2026-10-03T15:15:10Z</time>
   </trkpt>
   <trkpt lat="50.8714150" lon="4.2661100">
    <ele>51.1</ele>
    <time>2026-10-03T15:15:11Z</time>
   </trkpt>
   <trkpt lat="50.8714280" lon="4.2661250">
    <ele>51.1</ele>
    <time>2026-10-03T15:15:12Z</time>
   </trkpt>
   <trkpt lat="50.8714390" lon="4.2661450">
    <ele>51.1</ele>
    <time>2026-10-03T15:15:13Z</time>
   </trkpt>
   <trkpt lat="50.8714560" lon="4.2661580">
    <ele>51.1</ele>
    <time>2026-10-03T15:15:14Z</time>
   </trkpt>
   <trkpt lat="50.8714700" lon="4.2661890">
    <ele>51.1</ele>
    <time>2026-10-03T15:15:15Z</time>
   </trkpt>
   <trkpt lat="50.8714820" lon="4.2662140">
    <ele>51.1</ele>
    <time>2026-10-03T15:15:16Z</time>
   </trkpt>
   <trkpt lat="50.8715010" lon="4.2662410">
    <ele>51.1</ele>
    <time>2026-10-03T15:15:17Z</time>
   </trkpt>
   <trkpt lat="50.8715180" lon="4.2662660">
    <ele>51.0</ele>
    <time>2026-10-03T15:15:18Z</time>
   </trkpt>
   <trkpt lat="50.8715260" lon="4.2662810">
    <ele>51.0</ele>
    <time>2026-10-03T15:15:19Z</time>
   </trkpt>
   <trkpt lat="50.8715370" lon="4.2663140">
    <ele>51.0</ele>
    <time>2026-10-03T15:15:20Z</time>
   </trkpt>
   <trkpt lat="50.8715380" lon="4.2663460">
    <ele>51.0</ele>
    <time>2026-10-03T15:15:21Z</time>
   </trkpt>
   <trkpt lat="50.8715490" lon="4.2663730">
    <ele>51.0</ele>
    <time>2026-10-03T15:15:22Z</time>
   </trkpt>
   <trkpt lat="50.8715570" lon="4.2664040">
    <ele>51.0</ele>
    <time>2026-10-03T15:15:23Z</time>
   </trkpt>
   <trkpt lat="50.8715700" lon="4.2664350">
    <ele>50.9</ele>
    <time>2026-10-03T15:15:24Z</time>
   </trkpt>
   <trkpt lat="50.8715790" lon="4.2664690">
    <ele>50.9</ele>
    <time>2026-10-03T15:15:25Z</time>
   </trkpt>
   <trkpt lat="50.8715930" lon="4.2665000">
    <ele>50.9</ele>
    <time>2026-10-03T15:15:26Z</time>
   </trkpt>
   <trkpt lat="50.8716010" lon="4.2665320">
    <ele>50.9</ele>
    <time>2026-10-03T15:15:27Z</time>
   </trkpt>
   <trkpt lat="50.8716110" lon="4.2665580">
    <ele>50.9</ele>
    <time>2026-10-03T15:15:28Z</time>
   </trkpt>
   <trkpt lat="50.8716200" lon="4.2665990">
    <ele>50.9</ele>
    <time>2026-10-03T15:15:29Z</time>
   </trkpt>
   <trkpt lat="50.8716240" lon="4.2666140">
    <ele>50.9</ele>
    <time>2026-10-03T15:15:30Z</time>
   </trkpt>
   <trkpt lat="50.8716270" lon="4.2666510">
    <ele>50.9</ele>
    <time>2026-10-03T15:15:31Z</time>
   </trkpt>
   <trkpt lat="50.8716360" lon="4.2666790">
    <ele>50.9</ele>
    <time>2026-10-03T15:15:32Z</time>
   </trkpt>
   <trkpt lat="50.8716230" lon="4.2667010">
    <ele>50.9</ele>
    <time>2026-10-03T15:15:33Z</time>
   </trkpt>
   <trkpt lat="50.8716030" lon="4.2667220">
    <ele>50.8</ele>
    <time>2026-10-03T15:15:34Z</time>
   </trkpt>
   <trkpt lat="50.8715750" lon="4.2667240">
    <ele>50.8</ele>
    <time>2026-10-03T15:15:35Z</time>
   </trkpt>
   <trkpt lat="50.8715490" lon="4.2667150">
    <ele>50.8</ele>
    <time>2026-10-03T15:15:36Z</time>
   </trkpt>
   <trkpt lat="50.8715340" lon="4.2667000">
    <ele>50.8</ele>
    <time>2026-10-03T15:15:37Z</time>
   </trkpt>
   <trkpt lat="50.8715180" lon="4.2666790">
    <ele>50.8</ele>
    <time>2026-10-03T15:15:38Z</time>
   </trkpt>
   <trkpt lat="50.8715060" lon="4.2666450">
    <ele>50.8</ele>
    <time>2026-10-03T15:15:39Z</time>
   </trkpt>
   <trkpt lat="50.8715000" lon="4.2666120">
    <ele>50.9</ele>
    <time>2026-10-03T15:15:40Z</time>
   </trkpt>
   <trkpt lat="50.8714970" lon="4.2665820">
    <ele>50.9</ele>
    <time>2026-10-03T15:15:41Z</time>
   </trkpt>
   <trkpt lat="50.8714820" lon="4.2665510">
    <ele>50.9</ele>
    <time>2026-10-03T15:15:42Z</time>
   </trkpt>
   <trkpt lat="50.8714700" lon="4.2665310">
    <ele>50.9</ele>
    <time>2026-10-03T15:15:43Z</time>
   </trkpt>
   <trkpt lat="50.8714620" lon="4.2665060">
    <ele>50.9</ele>
    <time>2026-10-03T15:15:44Z</time>
   </trkpt>
   <trkpt lat="50.8714480" lon="4.2664880">
    <ele>50.9</ele>
    <time>2026-10-03T15:15:45Z</time>
   </trkpt>
   <trkpt lat="50.8714330" lon="4.2664630">
    <ele>51.0</ele>
    <time>2026-10-03T15:15:46Z</time>
   </trkpt>
   <trkpt lat="50.8714180" lon="4.2664290">
    <ele>51.0</ele>
    <time>2026-10-03T15:15:47Z</time>
   </trkpt>
   <trkpt lat="50.8714100" lon="4.2663960">
    <ele>51.0</ele>
    <time>2026-10-03T15:15:48Z</time>
   </trkpt>
   <trkpt lat="50.8714060" lon="4.2663660">
    <ele>51.0</ele>
    <time>2026-10-03T15:15:49Z</time>
   </trkpt>
   <trkpt lat="50.8713920" lon="4.2663420">
    <ele>51.0</ele>
    <time>2026-10-03T15:15:50Z</time>
   </trkpt>
   <trkpt lat="50.8713760" lon="4.2663130">
    <ele>51.1</ele>
    <time>2026-10-03T15:15:51Z</time>
   </trkpt>
   <trkpt lat="50.8713570" lon="4.2662960">
    <ele>51.1</ele>
    <time>2026-10-03T15:15:52Z</time>
   </trkpt>
   <trkpt lat="50.8713420" lon="4.2662780">
    <ele>51.1</ele>
    <time>2026-10-03T15:15:53Z</time>
   </trkpt>
   <trkpt lat="50.8713240" lon="4.2662660">
    <ele>51.1</ele>
    <time>2026-10-03T15:15:54Z</time>
   </trkpt>
   <trkpt lat="50.8713110" lon="4.2662480">
    <ele>51.1</ele>
    <time>2026-10-03T15:15:55Z</time>
   </trkpt>
   <trkpt lat="50.8712950" lon="4.2662430">
    <ele>51.1</ele>
    <time>2026-10-03T15:15:56Z</time>
   </trkpt>
   <trkpt lat="50.8712710" lon="4.2662440">
    <ele>51.1</ele>
    <time>2026-10-03T15:15:57Z</time>
   </trkpt>
   <trkpt lat="50.8712530" lon="4.2662390">
    <ele>51.1</ele>
    <time>2026-10-03T15:15:58Z</time>
   </trkpt>
   <trkpt lat="50.8712370" lon="4.2662290">
    <ele>51.1</ele>
    <time>2026-10-03T15:15:59Z</time>
   </trkpt>
   <trkpt lat="50.8712190" lon="4.2662150">
    <ele>51.1</ele>
    <time>2026-10-03T15:16:00Z</time>
   </trkpt>
   <trkpt lat="50.8711980" lon="4.2662060">
    <ele>51.1</ele>
    <time>2026-10-03T15:16:01Z</time>
   </trkpt>
   <trkpt lat="50.8711740" lon="4.2661920">
    <ele>51.2</ele>
    <time>2026-10-03T15:16:02Z</time>
   </trkpt>
   <trkpt lat="50.8711610" lon="4.2661900">
    <ele>51.2</ele>
    <time>2026-10-03T15:16:03Z</time>
   </trkpt>
   <trkpt lat="50.8711440" lon="4.2661780">
    <ele>51.2</ele>
    <time>2026-10-03T15:16:04Z</time>
   </trkpt>
   <trkpt lat="50.8711210" lon="4.2661800">
    <ele>51.2</ele>
    <time>2026-10-03T15:16:05Z</time>
   </trkpt>
   <trkpt lat="50.8711030" lon="4.2661760">
    <ele>51.2</ele>
    <time>2026-10-03T15:16:06Z</time>
   </trkpt>
   <trkpt lat="50.8710830" lon="4.2661530">
    <ele>51.2</ele>
    <time>2026-10-03T15:16:07Z</time>
   </trkpt>
   <trkpt lat="50.8710640" lon="4.2661460">
    <ele>51.2</ele>
    <time>2026-10-03T15:16:08Z</time>
   </trkpt>
   <trkpt lat="50.8710400" lon="4.2661310">
    <ele>51.2</ele>
    <time>2026-10-03T15:16:09Z</time>
   </trkpt>
   <trkpt lat="50.8710150" lon="4.2661190">
    <ele>51.2</ele>
    <time>2026-10-03T15:16:10Z</time>
   </trkpt>
   <trkpt lat="50.8709870" lon="4.2661290">
    <ele>51.2</ele>
    <time>2026-10-03T15:16:11Z</time>
   </trkpt>
   <trkpt lat="50.8709750" lon="4.2661560">
    <ele>51.2</ele>
    <time>2026-10-03T15:16:12Z</time>
   </trkpt>
   <trkpt lat="50.8709580" lon="4.2661780">
    <ele>51.2</ele>
    <time>2026-10-03T15:16:13Z</time>
   </trkpt>
   <trkpt lat="50.8709520" lon="4.2662090">
    <ele>51.2</ele>
    <time>2026-10-03T15:16:14Z</time>
   </trkpt>
   <trkpt lat="50.8709390" lon="4.2662400">
    <ele>51.3</ele>
    <time>2026-10-03T15:16:15Z</time>
   </trkpt>
   <trkpt lat="50.8709340" lon="4.2662590">
    <ele>51.3</ele>
    <time>2026-10-03T15:16:16Z</time>
   </trkpt>
   <trkpt lat="50.8709180" lon="4.2662850">
    <ele>51.3</ele>
    <time>2026-10-03T15:16:17Z</time>
   </trkpt>
   <trkpt lat="50.8709070" lon="4.2663090">
    <ele>51.3</ele>
    <time>2026-10-03T15:16:18Z</time>
   </trkpt>
   <trkpt lat="50.8709130" lon="4.2663330">
    <ele>51.3</ele>
    <time>2026-10-03T15:16:19Z</time>
   </trkpt>
   <trkpt lat="50.8709020" lon="4.2663700">
    <ele>51.3</ele>
    <time>2026-10-03T15:16:20Z</time>
   </trkpt>
   <trkpt lat="50.8708990" lon="4.2664050">
    <ele>51.3</ele>
    <time>2026-10-03T15:16:21Z</time>
   </trkpt>
   <trkpt lat="50.8708900" lon="4.2664220">
    <ele>51.3</ele>
    <time>2026-10-03T15:16:22Z</time>
   </trkpt>
   <trkpt lat="50.8708970" lon="4.2664550">
    <ele>51.3</ele>
    <time>2026-10-03T15:16:23Z</time>
   </trkpt>
   <trkpt lat="50.8708890" lon="4.2664930">
    <ele>51.3</ele>
    <time>2026-10-03T15:16:24Z</time>
   </trkpt>
   <trkpt lat="50.8708720" lon="4.2665130">
    <ele>51.3</ele>
    <time>2026-10-03T15:16:25Z</time>
   </trkpt>
   <trkpt lat="50.8708700" lon="4.2665500">
    <ele>51.3</ele>
    <time>2026-10-03T15:16:26Z</time>
   </trkpt>
   <trkpt lat="50.8708620" lon="4.2665890">
    <ele>51.3</ele>
    <time>2026-10-03T15:16:27Z</time>
   </trkpt>
  </trkseg>
 </trk>
</gpx>
